0,0,0,0,0
2006,1,1,1,5.825
2006,1,2,2,5.2
2006,1,3,3,5.175
2006,1,4,4,7.725
2006,1,5,5,3.925
2006,1,6,6,3.525
2006,1,7,7,5.55
2006,1,8,8,9.175
2006,1,9,9,7.8
2006,1,10,10,8.8
2006,1,11,11,7.375
2006,1,12,12,8.275
2006,1,13,13,14.1
2006,1,14,14,5.575
2006,1,15,15,9.275
2006,1,16,16,7.6
2006,1,17,17,6.65
2006,1,18,18,5.5
2006,1,19,19,5.35
2006,1,20,20,8.525
2006,1,21,21,8.825
2006,1,22,22,15.525
2006,1,23,23,7.575
2006,1,24,24,10.45
2006,1,25,25,5.45
2006,1,26,26,2.2
2006,1,27,27,6.3
2006,1,28,28,2.3
2006,1,29,29,8
2006,1,30,30,4.925
2006,1,31,31,5.875
2006,2,1,32,6.35
2006,2,2,33,5.175
2006,2,3,34,7.125
2006,2,4,35,5.85
2006,2,5,36,5.225
2006,2,6,37,7.1
2006,2,7,38,5.275
2006,2,8,39,6.025
2006,2,9,40,9.125
2006,2,10,41,5.35
2006,2,11,42,7.975
2006,2,12,43,5.75
2006,2,13,44,6.7
2006,2,14,45,5.6
2006,2,15,46,5.65
2006,2,16,47,7.45
2006,2,17,48,6.725
2006,2,18,49,5.866666667
2006,2,19,50,1.475
2006,2,20,51,5.875
2006,2,21,52,3.9
2006,2,22,53,12.225
2006,2,23,54,8.125
2006,2,24,55,6.85
2006,2,25,56,11.05
2006,2,26,57,8.875
2006,2,27,58,4.775
2006,2,28,59,3.825
2006,3,1,60,7
2006,3,2,61,4.325
2006,3,3,62,9.55
2006,3,4,63,7.25
2006,3,5,64,5.15
2006,3,6,65,4.275
2006,3,7,66,4.525
2006,3,8,67,7.125
2006,3,9,68,8.325
2006,3,10,69,4.65
2006,3,11,70,8.75
2006,3,12,71,6.55
2006,3,13,72,9.325
2006,3,14,73,6.45
2006,3,15,74,7.775
2006,3,16,75,5.825
2006,3,17,76,6
2006,3,18,77,4.725
2006,3,19,78,6.825
2006,3,20,79,6.875
2006,3,21,80,10.05
2006,3,22,81,9.625
2006,3,23,82,13.975
2006,3,24,83,9.325
2006,3,25,84,8.475
2006,3,26,85,6.225
2006,3,27,86,2.025
2006,3,28,87,4.35
2006,3,29,88,6.525
2006,3,30,89,5.875
2006,3,31,90,6.825
2006,4,1,91,4.75
2006,4,2,92,8.075
2006,4,3,93,7.675
2006,4,4,94,10.4
2006,4,5,95,9.625
2006,4,6,96,7.725
2006,4,7,97,3.975
2006,4,8,98,7.875
2006,4,9,99,7.15
2006,4,10,100,5.425
2006,4,11,101,4.675
2006,4,12,102,7.075
2006,4,13,103,7.1
2006,4,14,104,10.525
2006,4,15,105,7.475
2006,4,16,106,8.325
2006,4,17,107,7.925
2006,4,18,108,11.575
2006,4,19,109,10.35
2006,4,20,110,10.05
2006,4,21,111,8.9
2006,4,22,112,11.225
2006,4,23,113,13.225
2006,4,24,114,6.975
2006,4,25,115,3.825
2006,4,26,116,8.225
2006,4,27,117,3.15
2006,4,28,118,4.325
2006,4,29,119,6.35
2006,4,30,120,9.475
2006,5,1,121,2.2
2006,5,2,122,1.3
2006,5,3,123,2.15
2006,5,4,124,1.25
2006,5,5,125,4.35
2006,5,6,126,3.225
2006,5,7,127,9.475
2006,5,8,128,7.375
2006,5,9,129,3.225
2006,5,10,130,4.2
2006,5,11,131,2.5
2006,5,12,132,3.25
2006,5,13,133,2.725
2006,5,14,134,5.375
2006,5,15,135,2.925
2006,5,16,136,4.65
2006,5,17,137,3.925
2006,5,18,138,4.15
2006,5,19,139,4.475
2006,5,20,140,5.275
2006,5,21,141,3.625
2006,5,22,142,3.575
2006,5,23,143,6.975
2006,5,24,144,7.35
2006,5,25,145,4.45
2006,5,26,146,2.45
2006,5,27,147,2.45
2006,5,28,148,5.05
2006,5,29,149,3.625
2006,5,30,150,3.8
2006,5,31,151,3.975
2006,6,1,152,2.85
2006,6,2,153,2
2006,6,3,154,2.65
2006,6,4,155,7.025
2006,6,5,156,4.35
2006,6,6,157,3.05
2006,6,7,158,2.125
2006,6,8,159,3.4
2006,6,9,160,4.975
2006,6,10,161,4.45
2006,6,11,162,5.725
2006,6,12,163,4.9
2006,6,13,164,5.075
2006,6,14,165,5.475
2006,6,15,166,6.375
2006,6,16,167,4.1
2006,6,17,168,3.3
2006,6,18,169,3.6
2006,6,19,170,5.75
2006,6,20,171,4.4
2006,6,21,172,3.2
2006,6,22,173,5.775
2006,6,23,174,9.575
2006,6,24,175,6.4
2006,6,25,176,2.875
2006,6,26,177,4.375
2006,6,27,178,1.725
2006,6,28,179,4.275
2006,6,29,180,2.075
2006,6,30,181,4.175
2006,7,1,182,4.85
2006,7,2,183,5.025
2006,7,3,184,5.525
2006,7,4,185,3
2006,7,5,186,2.225
2006,7,6,187,1.75
2006,7,7,188,3.85
2006,7,8,189,6.25
2006,7,9,190,3.05
2006,7,10,191,1.375
2006,7,11,192,1.633333333
2006,7,12,193,3.25
2006,7,13,194,3.25
2006,7,14,195,2.05
2006,7,15,196,3.55
2006,7,16,197,3.55
2006,7,17,198,2.125
2006,7,18,199,3
2006,7,19,200,3.05
2006,7,20,201,7.825
2006,7,21,202,3.3
2006,7,22,203,4.275
2006,7,23,204,3.975
2006,7,24,205,3.1
2006,7,25,206,6.2
2006,7,26,207,3.95
2006,7,27,208,2.8
2006,7,28,209,4.55
2006,7,29,210,4.575
2006,7,30,211,2.966666667
2006,7,31,212,3.75
2006,8,1,213,5.85
2006,8,2,214,5.4
2006,8,3,215,3.9
2006,8,4,216,1.725
2006,8,5,217,3
2006,8,6,218,2.875
2006,8,7,219,6.725
2006,8,8,220,4.625
2006,8,9,221,3.5
2006,8,10,222,1.4
2006,8,11,223,4.675
2006,8,12,224,4.15
2006,8,13,225,5.85
2006,8,14,226,5.15
2006,8,15,227,4.85
2006,8,16,228,5.475
2006,8,17,229,6.45
2006,8,18,230,7.6
2006,8,19,231,4.35
2006,8,20,232,2.625
2006,8,21,233,1.45
2006,8,22,234,3.45
2006,8,23,235,2.3
2006,8,24,236,2.25
2006,8,25,237,2.25
2006,8,26,238,3.475
2006,8,27,239,2.05
2006,8,28,240,1.775
2006,8,29,241,1.975
2006,8,30,242,3.425
2006,8,31,243,3.875
2006,9,1,244,2.775
2006,9,2,245,1.575
2006,9,3,246,1.7
2006,9,4,247,1.5
2006,9,5,248,2.8
2006,9,6,249,4.575
2006,9,7,250,3.8
2006,9,8,251,1.1
2006,9,9,252,1.8
2006,9,10,253,6.825
2006,9,11,254,3.6
2006,9,12,255,6.375
2006,9,13,256,3.025
2006,9,14,257,4.825
2006,9,15,258,6.025
2006,9,16,259,2.8
2006,9,17,260,2
2006,9,18,261,6.775
2006,9,19,262,5.925
2006,9,20,263,6.675
2006,9,21,264,4.65
2006,9,22,265,4.975
2006,9,23,266,4.7
2006,9,24,267,4.875
2006,9,25,268,9.25
2006,9,26,269,10.075
2006,9,27,270,5
2006,9,28,271,1.525
2006,9,29,272,2.225
2006,9,30,273,2.65
2006,10,1,274,2.4
2006,10,2,275,1.5
2006,10,3,276,2.175
2006,10,4,277,2.45
2006,10,5,278,3.375
2006,10,6,279,7.175
2006,10,7,280,4.625
2006,10,8,281,4.9
2006,10,9,282,5.975
2006,10,10,283,3.975
2006,10,11,284,5.525
2006,10,12,285,4.2
2006,10,13,286,4.65
2006,10,14,287,2.525
2006,10,15,288,4.6
2006,10,16,289,9.65
2006,10,17,290,5.825
2006,10,18,291,5.575
2006,10,19,292,3.55
2006,10,20,293,3.7
2006,10,21,294,6.975
2006,10,22,295,7.375
2006,10,23,296,6.625
2006,10,24,297,4.8
2006,10,25,298,6.7
2006,10,26,299,5.175
2006,10,27,300,5.5
2006,10,28,301,6.2
2006,10,29,302,4.95
2006,10,30,303,5.55
2006,10,31,304,3.85
2006,11,1,305,4.975
2006,11,2,306,5.225
2006,11,3,307,7.125
2006,11,4,308,14.025
2006,11,5,309,6.975
2006,11,6,310,3.85
2006,11,7,311,2.7
2006,11,8,312,3.675
2006,11,9,313,4
2006,11,10,314,6.475
2006,11,11,315,6.95
2006,11,12,316,9.8
2006,11,13,317,4.05
2006,11,14,318,5.05
2006,11,15,319,4.325
2006,11,16,320,7.45
2006,11,17,321,10.625
2006,11,18,322,10.425
2006,11,19,323,5.8
2006,11,20,324,6.075
2006,11,21,325,2
2006,11,22,326,5.066666667
2006,11,23,327,5.75
2006,11,24,328,4.375
2006,11,25,329,4.825
2006,11,26,330,8.675
2006,11,27,331,7.4
2006,11,28,332,3.575
2006,11,29,333,3.85
2006,11,30,334,5.75
2006,12,1,335,5.55
2006,12,2,336,4.2
2006,12,3,337,5.025
2006,12,4,338,2.4
2006,12,5,339,5.775
2006,12,6,340,4.45
2006,12,7,341,2.9
2006,12,8,342,1.7
2006,12,9,343,3.55
2006,12,10,344,7.85
2006,12,11,345,7.075
2006,12,12,346,7.825
2006,12,13,347,8.35
2006,12,14,348,6.95
2006,12,15,349,2.25
2006,12,16,350,6.8
2006,12,17,351,4.675
2006,12,18,352,3
2006,12,19,353,5.725
2006,12,20,354,7.3
2006,12,21,355,7.325
2006,12,22,356,6.925
2006,12,23,357,6.025
2006,12,24,358,5.65
2006,12,25,359,6
2006,12,26,360,7.15
2006,12,27,361,5.1
2006,12,28,362,4.35
2006,12,29,363,8.425
2006,12,30,364,5.7
2006,12,31,365,7.75
2007,1,1,1,7.95
2007,1,2,2,9.725
2007,1,3,3,5.05
2007,1,4,4,6.1
2007,1,5,5,4
2007,1,6,6,3.625
2007,1,7,7,11.625
2007,1,8,8,10.625
2007,1,9,9,9.975
2007,1,10,10,4
2007,1,11,11,5.025
2007,1,12,12,5.775
2007,1,13,13,8.075
2007,1,14,14,5.475
2007,1,15,15,6.075
2007,1,16,16,6.15
2007,1,17,17,8.025
2007,1,18,18,9.3
2007,1,19,19,6
2007,1,20,20,7.7
2007,1,21,21,8.9
2007,1,22,22,8.125
2007,1,23,23,5.325
2007,1,24,24,4.55
2007,1,25,25,9.025
2007,1,26,26,7.55
2007,1,27,27,6.75
2007,1,28,28,5.475
2007,1,29,29,7
2007,1,30,30,11.225
2007,1,31,31,9
2007,2,1,32,9.525
2007,2,2,33,8.2
2007,2,3,34,9.075
2007,2,4,35,6.425
2007,2,5,36,4.9
2007,2,6,37,4.8
2007,2,7,38,4.6
2007,2,8,39,7.1
2007,2,9,40,6
2007,2,10,41,4.625
2007,2,11,42,6.85
2007,2,12,43,4.575
2007,2,13,44,4.7
2007,2,14,45,4.95
2007,2,15,46,5.5
2007,2,16,47,5.6
2007,2,17,48,4.125
2007,2,18,49,4.875
2007,2,19,50,5.15
2007,2,20,51,2.3
2007,2,21,52,3.325
2007,2,22,53,5.05
2007,2,23,54,2
2007,2,24,55,5.375
2007,2,25,56,4.375
2007,2,26,57,3.025
2007,2,27,58,9.325
2007,2,28,59,4.75
2007,3,1,60,4.6
2007,3,2,61,6.95
2007,3,3,62,6.5
2007,3,4,63,7.1
2007,3,5,64,4.3
2007,3,6,65,2.825
2007,3,7,66,4.025
2007,3,8,67,4.5
2007,3,9,68,0.85
2007,3,10,69,1.75
2007,3,11,70,1.875
2007,3,12,71,2.925
2007,3,13,72,2.875
2007,3,14,73,5.35
2007,3,15,74,5.1
2007,3,16,75,6.1
2007,3,17,76,11.025
2007,3,18,77,8.6
2007,3,19,78,6.7
2007,3,20,79,3.325
2007,3,21,80,4.5
2007,3,22,81,0
2007,3,23,82,7.75
2007,3,24,83,10.55
2007,3,25,84,9.35
2007,3,26,85,4.975
2007,3,27,86,5.175
2007,3,28,87,3.6
2007,3,29,88,3.025
2007,3,30,89,5.025
2007,3,31,90,3.975
2007,4,1,91,5.825
2007,4,2,92,2.675
2007,4,3,93,4.225
2007,4,4,94,8.775
2007,4,5,95,7.3
2007,4,6,96,5.55
2007,4,7,97,3.375
2007,4,8,98,2.65
2007,4,9,99,4.05
2007,4,10,100,2.95
2007,4,11,101,3.8
2007,4,12,102,3.975
2007,4,13,103,8.475
2007,4,14,104,6.925
2007,4,15,105,6.775
2007,4,16,106,3.775
2007,4,17,107,3.975
2007,4,18,108,4.775
2007,4,19,109,3.6
2007,4,20,110,3.125
2007,4,21,111,2.425
2007,4,22,112,4.175
2007,4,23,113,5.075
2007,4,24,114,6.975
2007,4,25,115,7.625
2007,4,26,116,2.7
2007,4,27,117,2.4
2007,4,28,118,2.6
2007,4,29,119,3.325
2007,4,30,120,1.65
2007,5,1,121,4.525
2007,5,2,122,2.3
2007,5,3,123,4.525
2007,5,4,124,5.225
2007,5,5,125,4.2
2007,5,6,126,6.15
2007,5,7,127,6.225
2007,5,8,128,9.3
2007,5,9,129,7.325
2007,5,10,130,7.525
2007,5,11,131,3.725
2007,5,12,132,3.475
2007,5,13,133,2.325
2007,5,14,134,1.55
2007,5,15,135,4.075
2007,5,16,136,2.4
2007,5,17,137,2.125
2007,5,18,138,1.1
2007,5,19,139,1.825
2007,5,20,140,2.85
2007,5,21,141,2
2007,5,22,142,1.325
2007,5,23,143,4.125
2007,5,24,144,6.675
2007,5,25,145,4.4
2007,5,26,146,4.7
2007,5,27,147,3.15
2007,5,28,148,6.75
2007,5,29,149,4.55
2007,5,30,150,5.25
2007,5,31,151,3.975
2007,6,1,152,6.925
2007,6,2,153,4.275
2007,6,3,154,3.825
2007,6,4,155,0.625
2007,6,5,156,4.325
2007,6,6,157,3.75
2007,6,7,158,3.4
2007,6,8,159,2.475
2007,6,9,160,3.825
2007,6,10,161,3.025
2007,6,11,162,7.975
2007,6,12,163,2.275
2007,6,13,164,2.625
2007,6,14,165,6.725
2007,6,15,166,2.375
2007,6,16,167,4.75
2007,6,17,168,2.725
2007,6,18,169,2.325
2007,6,19,170,5.05
2007,6,20,171,2.225
2007,6,21,172,2.825
2007,6,22,173,5.425
2007,6,23,174,2.175
2007,6,24,175,2.625
2007,6,25,176,4.3
2007,6,26,177,4.225
2007,6,27,178,7.4
2007,6,28,179,6.85
2007,6,29,180,6.675
2007,6,30,181,6.15
2007,7,1,182,5.075
2007,7,2,183,5.475
2007,7,3,184,3.85
2007,7,4,185,2.8
2007,7,5,186,5.35
2007,7,6,187,3.825
2007,7,7,188,4.35
2007,7,8,189,4.85
2007,7,9,190,5.475
2007,7,10,191,6.2
2007,7,11,192,5.925
2007,7,12,193,3.025
2007,7,13,194,6.025
2007,7,14,195,4.025
2007,7,15,196,7
2007,7,16,197,3.35
2007,7,17,198,5.375
2007,7,18,199,2.8
2007,7,19,200,3.675
2007,7,20,201,2.375
2007,7,21,202,5.3
2007,7,22,203,3.85
2007,7,23,204,4.7
2007,7,24,205,5.2
2007,7,25,206,3.15
2007,7,26,207,3.425
2007,7,27,208,3.55
2007,7,28,209,5.075
2007,7,29,210,3.2
2007,7,30,211,1.2
2007,7,31,212,3.325
2007,8,1,213,3.8
2007,8,2,214,8.2
2007,8,3,215,3.375
2007,8,4,216,3.825
2007,8,5,217,8.9
2007,8,6,218,7.35
2007,8,7,219,2.45
2007,8,8,220,2.4
2007,8,9,221,3.275
2007,8,10,222,5.65
2007,8,11,223,4.9
2007,8,12,224,2.8
2007,8,13,225,3.8
2007,8,14,226,3.575
2007,8,15,227,2.95
2007,8,16,228,3.425
2007,8,17,229,4.425
2007,8,18,230,4.825
2007,8,19,231,10.1
2007,8,20,232,8.075
2007,8,21,233,4.925
2007,8,22,234,3.25
2007,8,23,235,6.35
2007,8,24,236,3.95
2007,8,25,237,2.675
2007,8,26,238,4.05
2007,8,27,239,3.875
2007,8,28,240,5.1
2007,8,29,241,3.15
2007,8,30,242,3.5
2007,8,31,243,4.05
2007,9,1,244,2.975
2007,9,2,245,4.25
2007,9,3,246,2.45
2007,9,4,247,5.85
2007,9,5,248,1.825
2007,9,6,249,3.65
2007,9,7,250,2.25
2007,9,8,251,2.6
2007,9,9,252,2.55
2007,9,10,253,3.5
2007,9,11,254,4.525
2007,9,12,255,2.35
2007,9,13,256,4.3
2007,9,14,257,1.625
2007,9,15,258,4.35
2007,9,16,259,4.95
2007,9,17,260,5.65
2007,9,18,261,2.5
2007,9,19,262,1.85
2007,9,20,263,1.675
2007,9,21,264,0.95
2007,9,22,265,3.925
2007,9,23,266,1.625
2007,9,24,267,2.075
2007,9,25,268,1.6
2007,9,26,269,1.725
2007,9,27,270,7
2007,9,28,271,8.125
2007,9,29,272,6.45
2007,9,30,273,6.65
2007,10,1,274,5.95
2007,10,2,275,6.025
2007,10,3,276,8.075
2007,10,4,277,7.425
2007,10,5,278,5.55
2007,10,6,279,6.925
2007,10,7,280,7.5
2007,10,8,281,4.125
2007,10,9,282,7.4
2007,10,10,283,6.875
2007,10,11,284,7.65
2007,10,12,285,3.15
2007,10,13,286,3.675
2007,10,14,287,7.775
2007,10,15,288,9.775
2007,10,16,289,4.525
2007,10,17,290,4.925
2007,10,18,291,6.775
2007,10,19,292,4.775
2007,10,20,293,9.725
2007,10,21,294,7.65
2007,10,22,295,9.325
2007,10,23,296,9.7
2007,10,24,297,7.3
2007,10,25,298,4.2
2007,10,26,299,7.35
2007,10,27,300,8.25
2007,10,28,301,3.05
2007,10,29,302,5.075
2007,10,30,303,7.9
2007,10,31,304,0
2007,11,1,305,0
2007,11,2,306,0
2007,11,3,307,6
2007,11,4,308,5.65
2007,11,5,309,8.325
2007,11,6,310,5.55
2007,11,7,311,7.925
2007,11,8,312,7.225
2007,11,9,313,11.025
2007,11,10,314,6.425
2007,11,11,315,3.95
2007,11,12,316,7.9
2007,11,13,317,10.225
2007,11,14,318,5.25
2007,11,15,319,6.025
2007,11,16,320,6.625
2007,11,17,321,2.4
2007,11,18,322,5.7
2007,11,19,323,5.25
2007,11,20,324,8.575
2007,11,21,325,3.8
2007,11,22,326,2.725
2007,11,23,327,7.075
2007,11,24,328,7
2007,11,25,329,3.55
2007,11,26,330,5.15
2007,11,27,331,5.425
2007,11,28,332,6.325
2007,11,29,333,9.075
2007,11,30,334,9.025
2007,12,1,335,8.275
2007,12,2,336,6.275
2007,12,3,337,4.325
2007,12,4,338,4.5
2007,12,5,339,10.8
2007,12,6,340,4.925
2007,12,7,341,2.125
2007,12,8,342,4.266666667
2007,12,9,343,4.575
2007,12,10,344,4.025
2007,12,11,345,4.175
2007,12,12,346,7.6
2007,12,13,347,11.425
2007,12,14,348,4.9
2007,12,15,349,7.625
2007,12,16,350,10.1
2007,12,17,351,3.975
2007,12,18,352,4.95
2007,12,19,353,11.95
2007,12,20,354,4.7
2007,12,21,355,6.9
2007,12,22,356,5.275
2007,12,23,357,5.475
2007,12,24,358,8.45
2007,12,25,359,14.725
2007,12,26,360,6.175
2007,12,27,361,3.875
2007,12,28,362,5.9
2007,12,29,363,5.75
2007,12,30,364,5.075
2007,12,31,365,4.175
2008,1,1,1,10.525
2008,1,2,2,9.3
2008,1,3,3,13.8
2008,1,4,4,2.775
2008,1,5,5,6.15
2008,1,6,6,3.3
2008,1,7,7,1.175
2008,1,8,8,1.6
2008,1,9,9,3.275
2008,1,10,10,4.45
2008,1,11,11,6.175
2008,1,12,12,4.3
2008,1,13,13,5.2
2008,1,14,14,10.05
2008,1,15,15,12.575
2008,1,16,16,11.8
2008,1,17,17,8
2008,1,18,18,5.5
2008,1,19,19,3.875
2008,1,20,20,3.375
2008,1,21,21,7.2
2008,1,22,22,7.85
2008,1,23,23,3.675
2008,1,24,24,5.325
2008,1,25,25,7.05
2008,1,26,26,7.025
2008,1,27,27,6.975
2008,1,28,28,9.9
2008,1,29,29,10.425
2008,1,30,30,7.45
2008,1,31,31,5.875
2008,2,1,32,7.175
2008,2,2,33,7.825
2008,2,3,34,3.325
2008,2,4,35,4.05
2008,2,5,36,2.35
2008,2,6,37,7.025
2008,2,7,38,3.25
2008,2,8,39,5.65
2008,2,9,40,5.1
2008,2,10,41,8.3
2008,2,11,42,7.925
2008,2,12,43,4.65
2008,2,13,44,9.15
2008,2,14,45,6.75
2008,2,15,46,4.225
2008,2,16,47,4.7
2008,2,17,48,6.75
2008,2,18,49,8.825
2008,2,19,50,5.5
2008,2,20,51,4.6
2008,2,21,52,10.275
2008,2,22,53,8.05
2008,2,23,54,4.575
2008,2,24,55,7.7
2008,2,25,56,7.65
2008,2,26,57,11.95
2008,2,27,58,11.7
2008,2,28,59,9.15
2008,3,1,60,6.475
2008,3,2,61,5.65
2008,3,3,62,8.425
2008,3,4,63,8.925
2008,3,5,64,6.175
2008,3,6,65,4.1
2008,3,7,66,1.725
2008,3,8,67,5.25
2008,3,9,68,5.175
2008,3,10,69,8.8
2008,3,11,70,6.6
2008,3,12,71,8.125
2008,3,13,72,6.475
2008,3,14,73,9.875
2008,3,15,74,6.75
2008,3,16,75,6.05
2008,3,17,76,5.7
2008,3,18,77,4.275
2008,3,19,78,4.575
2008,3,20,79,6
2008,3,21,80,4.25
2008,3,22,81,6.625
2008,3,23,82,5.775
2008,3,24,83,2.775
2008,3,25,84,4.85
2008,3,26,85,4.975
2008,3,27,86,4.575
2008,3,28,87,5.975
2008,3,29,88,1.35
2008,3,30,89,4.25
2008,3,31,90,4.275
2008,4,1,91,3.9
2008,4,2,92,5.125
2008,4,3,93,3.375
2008,4,4,94,3.25
2008,4,5,95,3.725
2008,4,6,96,4.575
2008,4,7,97,3.35
2008,4,8,98,7.775
2008,4,9,99,2.9
2008,4,10,100,3.825
2008,4,11,101,8.45
2008,4,12,102,9.65
2008,4,13,103,8.55
2008,4,14,104,5.625
2008,4,15,105,6
2008,4,16,106,9.05
2008,4,17,107,8.125
2008,4,18,108,4.6
2008,4,19,109,0.75
2008,4,20,110,1.825
2008,4,21,111,5.45
2008,4,22,112,8.85
2008,4,23,113,4.45
2008,4,24,114,1.775
2008,4,25,115,1.975
2008,4,26,116,1.675
2008,4,27,117,1.2
2008,4,28,118,5.95
2008,4,29,119,4.35
2008,4,30,120,3.65
2008,5,1,121,1.7
2008,5,2,122,2.275
2008,5,3,123,1.625
2008,5,4,124,1.2
2008,5,5,125,2.375
2008,5,6,126,3.55
2008,5,7,127,2.825
2008,5,8,128,7.5
2008,5,9,129,8.875
2008,5,10,130,4.975
2008,5,11,131,4.225
2008,5,12,132,3.325
2008,5,13,133,2.4
2008,5,14,134,1.25
2008,5,15,135,2.25
2008,5,16,136,2.825
2008,5,17,137,2.675
2008,5,18,138,5.15
2008,5,19,139,3.275
2008,5,20,140,2.525
2008,5,21,141,2.75
2008,5,22,142,6.525
2008,5,23,143,6.475
2008,5,24,144,4.1
2008,5,25,145,2.5
2008,5,26,146,5.55
2008,5,27,147,2.025
2008,5,28,148,3.3
2008,5,29,149,5
2008,5,30,150,1.8
2008,5,31,151,1.25
2008,6,1,152,0.675
2008,6,2,153,5.1
2008,6,3,154,7.45
2008,6,4,155,4.375
2008,6,5,156,3.625
2008,6,6,157,4.25
2008,6,7,158,2.575
2008,6,8,159,4.45
2008,6,9,160,2.025
2008,6,10,161,7
2008,6,11,162,5.425
2008,6,12,163,5.225
2008,6,13,164,5.35
2008,6,14,165,4.525
2008,6,15,166,5.55
2008,6,16,167,6.15
2008,6,17,168,4.3
2008,6,18,169,2.425
2008,6,19,170,3.125
2008,6,20,171,5.1
2008,6,21,172,1.75
2008,6,22,173,10.875
2008,6,23,174,3.075
2008,6,24,175,2.5
2008,6,25,176,3.675
2008,6,26,177,5.025
2008,6,27,178,4.725
2008,6,28,179,6.55
2008,6,29,180,6.2
2008,6,30,181,6.175
2008,7,1,182,4.875
2008,7,2,183,2.5
2008,7,3,184,4.925
2008,7,4,185,7.2
2008,7,5,186,5.425
2008,7,6,187,3.8
2008,7,7,188,3.15
2008,7,8,189,4.6
2008,7,9,190,10.125
2008,7,10,191,6.2
2008,7,11,192,6.575
2008,7,12,193,6.375
2008,7,13,194,2.1
2008,7,14,195,1.975
2008,7,15,196,2.625
2008,7,16,197,3.225
2008,7,17,198,5.45
2008,7,18,199,4.6
2008,7,19,200,3.85
2008,7,20,201,2.35
2008,7,21,202,0.95
2008,7,22,203,2.35
2008,7,23,204,3.45
2008,7,24,205,5.525
2008,7,25,206,2.325
2008,7,26,207,4.45
2008,7,27,208,4.7
2008,7,28,209,2.675
2008,7,29,210,7.075
2008,7,30,211,5.8
2008,7,31,212,3.6
2008,8,1,213,7.875
2008,8,2,214,1.725
2008,8,3,215,1.575
2008,8,4,216,1.725
2008,8,5,217,3.175
2008,8,6,218,6.325
2008,8,7,219,4.8
2008,8,8,220,3.4
2008,8,9,221,3.275
2008,8,10,222,0.775
2008,8,11,223,3.6
2008,8,12,224,4.725
2008,8,13,225,3.075
2008,8,14,226,4.25
2008,8,15,227,2.1
2008,8,16,228,4.475
2008,8,17,229,7.525
2008,8,18,230,1.025
2008,8,19,231,5.7
2008,8,20,232,2.725
2008,8,21,233,2.275
2008,8,22,234,2.425
2008,8,23,235,1.575
2008,8,24,236,2.3
2008,8,25,237,2.975
2008,8,26,238,1.45
2008,8,27,239,2.075
2008,8,28,240,3.775
2008,8,29,241,5.55
2008,8,30,242,4.95
2008,8,31,243,2.875
2008,9,1,244,2.85
2008,9,2,245,1.8
2008,9,3,246,5.6
2008,9,4,247,1
2008,9,5,248,2.05
2008,9,6,249,2.025
2008,9,7,250,2.25
2008,9,8,251,1.875
2008,9,9,252,4.375
2008,9,10,253,3.475
2008,9,11,254,1.325
2008,9,12,255,1.925
2008,9,13,256,1.825
2008,9,14,257,4.425
2008,9,15,258,3.425
2008,9,16,259,3.55
2008,9,17,260,8.25
2008,9,18,261,3.15
2008,9,19,262,4.825
2008,9,20,263,4.05
2008,9,21,264,7.45
2008,9,22,265,5.3
2008,9,23,266,3.95
2008,9,24,267,4.275
2008,9,25,268,4.4
2008,9,26,269,7.175
2008,9,27,270,6.75
2008,9,28,271,6.575
2008,9,29,272,4.5
2008,9,30,273,5.1
2008,10,1,274,6.225
2008,10,2,275,5.15
2008,10,3,276,3.875
2008,10,4,277,3.225
2008,10,5,278,3.775
2008,10,6,279,3
2008,10,7,280,4.05
2008,10,8,281,8.05
2008,10,9,282,10.3
2008,10,10,283,4.35
2008,10,11,284,7.45
2008,10,12,285,5.575
2008,10,13,286,4.4
2008,10,14,287,6.95
2008,10,15,288,7.025
2008,10,16,289,2.275
2008,10,17,290,1.55
2008,10,18,291,6.95
2008,10,19,292,7.35
2008,10,20,293,6.375
2008,10,21,294,4.175
2008,10,22,295,4.675
2008,10,23,296,6.15
2008,10,24,297,5.6
2008,10,25,298,11.825
2008,10,26,299,10.45
2008,10,27,300,5.7
2008,10,28,301,4.875
2008,10,29,302,4.55
2008,10,30,303,2.325
2008,10,31,304,8.2
2008,11,1,305,5.575
2008,11,2,306,5.475
2008,11,3,307,5.3
2008,11,4,308,3.85
2008,11,5,309,2.425
2008,11,6,310,3
2008,11,7,311,3.05
2008,11,8,312,5.1
2008,11,9,313,3.65
2008,11,10,314,3.825
2008,11,11,315,6.475
2008,11,12,316,6.6
2008,11,13,317,3.45
2008,11,14,318,4.925
2008,11,15,319,4.2
2008,11,16,320,4.25
2008,11,17,321,7.975
2008,11,18,322,6.95
2008,11,19,323,3.75
2008,11,20,324,3.1
2008,11,21,325,4.625
2008,11,22,326,5.125
2008,11,23,327,6.375
2008,11,24,328,5.15
2008,11,25,329,7.8
2008,11,26,330,9.875
2008,11,27,331,8.575
2008,11,28,332,7.2
2008,11,29,333,8.975
2008,11,30,334,5.2
2008,12,1,335,2.55
2008,12,2,336,5.35
2008,12,3,337,7.025
2008,12,4,338,4.1
2008,12,5,339,3.825
2008,12,6,340,2.925
2008,12,7,341,3.475
2008,12,8,342,3.225
2008,12,9,343,3.75
2008,12,10,344,9.625
2008,12,11,345,9.95
2008,12,12,346,1.1
2008,12,13,347,3.15
2008,12,14,348,10.15
2008,12,15,349,4.275
2008,12,16,350,5.875
2008,12,17,351,5.625
2008,12,18,352,4.7
2008,12,19,353,5.4
2008,12,20,354,4.925
2008,12,21,355,6.875
2008,12,22,356,4.5
2008,12,23,357,2.425
2008,12,24,358,8.55
2008,12,25,359,8.925
2008,12,26,360,9.825
2008,12,27,361,7.725
2008,12,28,362,5.925
2008,12,29,363,5.075
2008,12,30,364,5.55
2008,12,31,365,6.625
2009,1,1,1,4.925
2009,1,2,2,4.725
2009,1,3,3,2.725
2009,1,4,4,6.575
2009,1,5,5,8.275
2009,1,6,6,4.175
2009,1,7,7,5.275
2009,1,8,8,5.375
2009,1,9,9,5.4
2009,1,10,10,6.85
2009,1,11,11,6.375
2009,1,12,12,3.175
2009,1,13,13,4.025
2009,1,14,14,3.95
2009,1,15,15,4.3
2009,1,16,16,5.075
2009,1,17,17,5.475
2009,1,18,18,5.3
2009,1,19,19,3.375
2009,1,20,20,0.95
2009,1,21,21,8.2
2009,1,22,22,6.375
2009,1,23,23,1.775
2009,1,24,24,1.925
2009,1,25,25,1.525
2009,1,26,26,5.8
2009,1,27,27,8.225
2009,1,28,28,4.8
2009,1,29,29,3.075
2009,1,30,30,6.925
2009,1,31,31,1.825
2009,2,1,32,6.175
2009,2,2,33,10.8
2009,2,3,34,13.7
2009,2,4,35,7.75
2009,2,5,36,8.675
2009,2,6,37,4.9
2009,2,7,38,4.65
2009,2,8,39,5.9
2009,2,9,40,8.875
2009,2,10,41,9.8
2009,2,11,42,10.175
2009,2,12,43,7.2
2009,2,13,44,1.15
2009,2,14,45,2.1
2009,2,15,46,3.85
2009,2,16,47,1.425
2009,2,17,48,4.3
2009,2,18,49,0
2009,2,19,50,2.5
2009,2,20,51,4.8
2009,2,21,52,7.175
2009,2,22,53,2.975
2009,2,23,54,9.3
2009,2,24,55,8.775
2009,2,25,56,4.875
2009,2,26,57,3.675
2009,2,27,58,4.075
2009,2,28,59,3.475
2009,3,1,60,1.775
2009,3,2,61,6.6
2009,3,3,62,11.95
2009,3,4,63,4.75
2009,3,5,64,5.45
2009,3,6,65,3.9
2009,3,7,66,4.2
2009,3,8,67,3.15
2009,3,9,68,8.875
2009,3,10,69,4.225
2009,3,11,70,2.05
2009,3,12,71,2.1
2009,3,13,72,0.55
2009,3,14,73,4.6
2009,3,15,74,3.775
2009,3,16,75,5.925
2009,3,17,76,7.475
2009,3,18,77,7.05
2009,3,19,78,3.55
2009,3,20,79,0.675
2009,3,21,80,1.25
2009,3,22,81,1.45
2009,3,23,82,1.825
2009,3,24,83,3.625
2009,3,25,84,8.225
2009,3,26,85,10.675
2009,3,27,86,9.55
2009,3,28,87,4.325
2009,3,29,88,4.65
2009,3,30,89,3.425
2009,3,31,90,3.025
2009,4,1,91,2.525
2009,4,2,92,3.65
2009,4,3,93,3.225
2009,4,4,94,4.925
2009,4,5,95,4.075
2009,4,6,96,2.05
2009,4,7,97,6.7
2009,4,8,98,2.2
2009,4,9,99,2.55
2009,4,10,100,4.225
2009,4,11,101,6.925
2009,4,12,102,4.3
2009,4,13,103,4.275
2009,4,14,104,3.3
2009,4,15,105,4.35
2009,4,16,106,1.45
2009,4,17,107,1.6
2009,4,18,108,1.9
2009,4,19,109,1.85
2009,4,20,110,2.325
2009,4,21,111,1.95
2009,4,22,112,2.175
2009,4,23,113,0.4
2009,4,24,114,1.2
2009,4,25,115,1.075
2009,4,26,116,1.2
2009,4,27,117,1.675
2009,4,28,118,0.65
2009,4,29,119,1.15
2009,4,30,120,5.125
2009,5,1,121,2.075
2009,5,2,122,3.275
2009,5,3,123,6.975
2009,5,4,124,4.2
2009,5,5,125,6.65
2009,5,6,126,7.75
2009,5,7,127,6.95
2009,5,8,128,5.8
2009,5,9,129,8.5
2009,5,10,130,11.85
2009,5,11,131,6.825
2009,5,12,132,4.875
2009,5,13,133,7.15
2009,5,14,134,0.675
2009,5,15,135,2.1
2009,5,16,136,5.1
2009,5,17,137,5.5
2009,5,18,138,1.025
2009,5,19,139,2.425
2009,5,20,140,2.85
2009,5,21,141,3.4
2009,5,22,142,3.125
2009,5,23,143,0.875
2009,5,24,144,5.9
2009,5,25,145,6.425
2009,5,26,146,5.75
2009,5,27,147,6.05
2009,5,28,148,3.675
2009,5,29,149,2.325
2009,5,30,150,2.1
2009,5,31,151,2.975
2009,6,1,152,1.45
2009,6,2,153,3.725
2009,6,3,154,3.65
2009,6,4,155,5.625
2009,6,5,156,3.7
2009,6,6,157,2.675
2009,6,7,158,3.975
2009,6,8,159,2.525
2009,6,9,160,3.2
2009,6,10,161,3.6
2009,6,11,162,4.45
2009,6,12,163,5.775
2009,6,13,164,8.15
2009,6,14,165,2.65
2009,6,15,166,9.025
2009,6,16,167,9.325
2009,6,17,168,3.25
2009,6,18,169,1.625
2009,6,19,170,2
2009,6,20,171,3.025
2009,6,21,172,5.525
2009,6,22,173,7.525
2009,6,23,174,2.05
2009,6,24,175,3.4
2009,6,25,176,4.825
2009,6,26,177,8.425
2009,6,27,178,5.875
2009,6,28,179,5.35
2009,6,29,180,2.35
2009,6,30,181,3.775
2009,7,1,182,3.45
2009,7,2,183,3.575
2009,7,3,184,5.525
2009,7,4,185,2.475
2009,7,5,186,2.3
2009,7,6,187,4.875
2009,7,7,188,6.25
2009,7,8,189,8.125
2009,7,9,190,7.15
2009,7,10,191,6.15
2009,7,11,192,1.4
2009,7,12,193,6.55
2009,7,13,194,6.2
2009,7,14,195,4.1
2009,7,15,196,5.975
2009,7,16,197,4.325
2009,7,17,198,2.925
2009,7,18,199,4
2009,7,19,200,2.625
2009,7,20,201,5.95
2009,7,21,202,8.3
2009,7,22,203,7.7
2009,7,23,204,6.875
2009,7,24,205,2.8
2009,7,25,206,2.975
2009,7,26,207,3.075
2009,7,27,208,1.4
2009,7,28,209,5.25
2009,7,29,210,3.225
2009,7,30,211,6.4
2009,7,31,212,6.375
2009,8,1,213,1.8
2009,8,2,214,2.175
2009,8,3,215,4.525
2009,8,4,216,1.4
2009,8,5,217,4.425
2009,8,6,218,3.625
2009,8,7,219,1.925
2009,8,8,220,3.55
2009,8,9,221,4.8
2009,8,10,222,2.25
2009,8,11,223,2.45
2009,8,12,224,2.125
2009,8,13,225,2.325
2009,8,14,226,1.325
2009,8,15,227,6.625
2009,8,16,228,2.825
2009,8,17,229,2.3
2009,8,18,230,4.95
2009,8,19,231,5.625
2009,8,20,232,3.275
2009,8,21,233,5.175
2009,8,22,234,3
2009,8,23,235,2.05
2009,8,24,236,1.525
2009,8,25,237,1.125
2009,8,26,238,2.375
2009,8,27,239,4.575
2009,8,28,240,4.7
2009,8,29,241,1.3
2009,8,30,242,2.2
2009,8,31,243,10.1
2009,9,1,244,2.125
2009,9,2,245,2.6
2009,9,3,246,7.525
2009,9,4,247,1.525
2009,9,5,248,2.225
2009,9,6,249,5.65
2009,9,7,250,2.9
2009,9,8,251,0.725
2009,9,9,252,2.825
2009,9,10,253,3.525
2009,9,11,254,6.7
2009,9,12,255,4.275
2009,9,13,256,7.475
2009,9,14,257,6.3
2009,9,15,258,5.175
2009,9,16,259,7.325
2009,9,17,260,1.225
2009,9,18,261,2.175
2009,9,19,262,3.35
2009,9,20,263,6.975
2009,9,21,264,10.4
2009,9,22,265,3.8
2009,9,23,266,4.275
2009,9,24,267,7.4
2009,9,25,268,4.9
2009,9,26,269,12.775
2009,9,27,270,10.6
2009,9,28,271,2.725
2009,9,29,272,4.95
2009,9,30,273,2.25
2009,10,1,274,4.875
2009,10,2,275,6.55
2009,10,3,276,1.625
2009,10,4,277,4.425
2009,10,5,278,4.2
2009,10,6,279,6.725
2009,10,7,280,3.075
2009,10,8,281,3.075
2009,10,9,282,4.15
2009,10,10,283,0.75
2009,10,11,284,2.95
2009,10,12,285,2.725
2009,10,13,286,3.325
2009,10,14,287,6.75
2009,10,15,288,6.1
2009,10,16,289,4.3
2009,10,17,290,6.925
2009,10,18,291,3.05
2009,10,19,292,9.925
2009,10,20,293,5.475
2009,10,21,294,4.25
2009,10,22,295,10.45
2009,10,23,296,6.625
2009,10,24,297,5.7
2009,10,25,298,3
2009,10,26,299,3.925
2009,10,27,300,2.9
2009,10,28,301,4.825
2009,10,29,302,2.525
2009,10,30,303,3.45
2009,10,31,304,4.625
2009,11,1,305,4
2009,11,2,306,1.6
2009,11,3,307,3.25
2009,11,4,308,2.5
2009,11,5,309,3.675
2009,11,6,310,1.475
2009,11,7,311,0.7
2009,11,8,312,0.675
2009,11,9,313,2.45
2009,11,10,314,4.05
2009,11,11,315,5.825
2009,11,12,316,3.7
2009,11,13,317,5.725
2009,11,14,318,4.05
2009,11,15,319,6.45
2009,11,16,320,7.9
2009,11,17,321,9.3
2009,11,18,322,8.45
2009,11,19,323,4.1
2009,11,20,324,2.75
2009,11,21,325,5.1
2009,11,22,326,7.525
2009,11,23,327,5.5
2009,11,24,328,3.45
2009,11,25,329,7.325
2009,11,26,330,7.25
2009,11,27,331,5
2009,11,28,332,9
2009,11,29,333,7.65
2009,11,30,334,7.875
2009,12,1,335,7.775
2009,12,2,336,4.95
2009,12,3,337,3.45
2009,12,4,338,5.175
2009,12,5,339,5.675
2009,12,6,340,7.75
2009,12,7,341,3.825
2009,12,8,342,0.6
2009,12,9,343,1.475
2009,12,10,344,4.05
2009,12,11,345,3.325
2009,12,12,346,7.85
2009,12,13,347,4.15
2009,12,14,348,3.3
2009,12,15,349,6.825
2009,12,16,350,6.625
2009,12,17,351,2.85
2009,12,18,352,2.8
2009,12,19,353,10.375
2009,12,20,354,7.35
2009,12,21,355,7.35
2009,12,22,356,9.725
2009,12,23,357,10.8
2009,12,24,358,10.2
2009,12,25,359,5.975
2009,12,26,360,4.125
2009,12,27,361,6.25
2009,12,28,362,5.15
2009,12,29,363,7.675
2009,12,30,364,4.35
2009,12,31,365,3.875
2010,1,1,1,2.225
2010,1,2,2,9.5
2010,1,3,3,8.45
2010,1,4,4,6.325
2010,1,5,5,7.8
2010,1,6,6,5.45
2010,1,7,7,8.875
2010,1,8,8,4.125
2010,1,9,9,4.775
2010,1,10,10,4.7
2010,1,11,11,6.1
2010,1,12,12,4.675
2010,1,13,13,3.85
2010,1,14,14,1.5
2010,1,15,15,6.925
2010,1,16,16,7.025
2010,1,17,17,6
2010,1,18,18,6.275
2010,1,19,19,5.125
2010,1,20,20,10.675
2010,1,21,21,4.3
2010,1,22,22,12.625
2010,1,23,23,4.5
2010,1,24,24,5.95
2010,1,25,25,9.425
2010,1,26,26,10.25
2010,1,27,27,14.55
2010,1,28,28,9.35
2010,1,29,29,8.9
2010,1,30,30,2.825
2010,1,31,31,5.15
2010,2,1,32,7.7
2010,2,2,33,5.725
2010,2,3,34,2.3
2010,2,4,35,2.65
2010,2,5,36,1.625
2010,2,6,37,3.375
2010,2,7,38,3.225
2010,2,8,39,0.575
2010,2,9,40,3.7
2010,2,10,41,5.025
2010,2,11,42,6
2010,2,12,43,9.725
2010,2,13,44,8.975
2010,2,14,45,7.025
2010,2,15,46,6.05
2010,2,16,47,4.75
2010,2,17,48,2.075
2010,2,18,49,9.1
2010,2,19,50,7.1
2010,2,20,51,6.675
2010,2,21,52,5.6
2010,2,22,53,6.45
2010,2,23,54,9.325
2010,2,24,55,10.525
2010,2,25,56,10.6
2010,2,26,57,8.15
2010,2,27,58,9.3
2010,2,28,59,8.4
2010,3,1,60,6.75
2010,3,2,61,4.4
2010,3,3,62,2.8
2010,3,4,63,2.925
2010,3,5,64,4.75
2010,3,6,65,8.25
2010,3,7,66,10.425
2010,3,8,67,9.625
2010,3,9,68,6.85
2010,3,10,69,6.1
2010,3,11,70,3.45
2010,3,12,71,8.775
2010,3,13,72,2.15
2010,3,14,73,2.725
2010,3,15,74,3.825
2010,3,16,75,3.975
2010,3,17,76,6.075
2010,3,18,77,3.925
2010,3,19,78,2.825
2010,3,20,79,4.45
2010,3,21,80,7.075
2010,3,22,81,5.025
2010,3,23,82,2.2
2010,3,24,83,3.75
2010,3,25,84,3.975
2010,3,26,85,5.95
2010,3,27,86,2.825
2010,3,28,87,5.675
2010,3,29,88,3.45
2010,3,30,89,9.25
2010,3,31,90,7.6
2010,4,1,91,7.4
2010,4,2,92,6.875
2010,4,3,93,8.275
2010,4,4,94,7.75
2010,4,5,95,2.05
2010,4,6,96,3.325
2010,4,7,97,3.075
2010,4,8,98,1.875
2010,4,9,99,6.225
2010,4,10,100,6.775
2010,4,11,101,8.275
2010,4,12,102,6.825
2010,4,13,103,4.55
2010,4,14,104,2.125
2010,4,15,105,6.875
2010,4,16,106,5.975
2010,4,17,107,8.025
2010,4,18,108,6.05
2010,4,19,109,5.35
2010,4,20,110,3.2
2010,4,21,111,0.925
2010,4,22,112,2.825
2010,4,23,113,1.45
2010,4,24,114,1.625
2010,4,25,115,2
2010,4,26,116,2.6
2010,4,27,117,8.725
2010,4,28,118,5.3
2010,4,29,119,2.425
2010,4,30,120,1.5
2010,5,1,121,3.875
2010,5,2,122,6
2010,5,3,123,7.3
2010,5,4,124,2.75
2010,5,5,125,2.5
2010,5,6,126,4.375
2010,5,7,127,6.25
2010,5,8,128,6.2
2010,5,9,129,6.35
2010,5,10,130,2.625
2010,5,11,131,3.525
2010,5,12,132,2.575
2010,5,13,133,3.1
2010,5,14,134,1.4
2010,5,15,135,1.1
2010,5,16,136,4
2010,5,17,137,4.925
2010,5,18,138,3.725
2010,5,19,139,4.925
2010,5,20,140,6.3
2010,5,21,141,1.275
2010,5,22,142,1.825
2010,5,23,143,7.825
2010,5,24,144,7.925
2010,5,25,145,3.325
2010,5,26,146,4.15
2010,5,27,147,4
2010,5,28,148,2.7
2010,5,29,149,2.575
2010,5,30,150,3.525
2010,5,31,151,1.55
2010,6,1,152,5.425
2010,6,2,153,4.225
2010,6,3,154,4.525
2010,6,4,155,2.7
2010,6,5,156,2.525
2010,6,6,157,2.6
2010,6,7,158,5.125
2010,6,8,159,2.7
2010,6,9,160,3.05
2010,6,10,161,1.775
2010,6,11,162,3.525
2010,6,12,163,4.1
2010,6,13,164,6.425
2010,6,14,165,7.725
2010,6,15,166,7.7
2010,6,16,167,9.325
2010,6,17,168,6.175
2010,6,18,169,2.1
2010,6,19,170,4.175
2010,6,20,171,3.8
2010,6,21,172,9
2010,6,22,173,6.125
2010,6,23,174,4.75
2010,6,24,175,4.55
2010,6,25,176,8.35
2010,6,26,177,2.55
2010,6,27,178,5.075
2010,6,28,179,5.55
2010,6,29,180,7
2010,6,30,181,3.625
2010,7,1,182,6.75
2010,7,2,183,4.25
2010,7,3,184,5.825
2010,7,4,185,4.05
2010,7,5,186,1.75
2010,7,6,187,3.15
2010,7,7,188,3.525
2010,7,8,189,3.7
2010,7,9,190,2.325
2010,7,10,191,3.925
2010,7,11,192,1.3
2010,7,12,193,0.925
2010,7,13,194,4.675
2010,7,14,195,8.2
2010,7,15,196,9.45
2010,7,16,197,4.675
2010,7,17,198,4.9
2010,7,18,199,2.525
2010,7,19,200,4.2
2010,7,20,201,5.1
2010,7,21,202,3.25
2010,7,22,203,5.55
2010,7,23,204,2.25
2010,7,24,205,3.4
2010,7,25,206,2.775
2010,7,26,207,6.075
2010,7,27,208,6.55
2010,7,28,209,4.475
2010,7,29,210,5.1
2010,7,30,211,3.375
2010,7,31,212,2.625
2010,8,1,213,4.65
2010,8,2,214,6.25
2010,8,3,215,5.1
2010,8,4,216,5
2010,8,5,217,3.85
2010,8,6,218,3.775
2010,8,7,219,3.25
2010,8,8,220,5.65
2010,8,9,221,5.35
2010,8,10,222,6.325
2010,8,11,223,6.4
2010,8,12,224,5.7
2010,8,13,225,3.625
2010,8,14,226,4.95
2010,8,15,227,3.15
2010,8,16,228,6.325
2010,8,17,229,6.25
2010,8,18,230,3.2
2010,8,19,231,2.4
2010,8,20,232,4.075
2010,8,21,233,3.9
2010,8,22,234,2.025
2010,8,23,235,3.15
2010,8,24,236,2.025
2010,8,25,237,2.4
2010,8,26,238,3.2
2010,8,27,239,3.725
2010,8,28,240,2.8
2010,8,29,241,5.8
2010,8,30,242,5.075
2010,8,31,243,2.7
2010,9,1,244,7.475
2010,9,2,245,6.025
2010,9,3,246,3.275
2010,9,4,247,4.025
2010,9,5,248,1.9
2010,9,6,249,2.55
2010,9,7,250,4
2010,9,8,251,4.325
2010,9,9,252,1.7
2010,9,10,253,2.275
2010,9,11,254,2.1
2010,9,12,255,0.45
2010,9,13,256,3.625
2010,9,14,257,6.625
2010,9,15,258,5.775
2010,9,16,259,5.2
2010,9,17,260,4.45
2010,9,18,261,1.475
2010,9,19,262,6.2
2010,9,20,263,8.3
2010,9,21,264,3.7
2010,9,22,265,1.45
2010,9,23,266,3.3
2010,9,24,267,5.725
2010,9,25,268,2.125
2010,9,26,269,1.775
2010,9,27,270,2.95
2010,9,28,271,1.95
2010,9,29,272,5.925
2010,9,30,273,1.675
2010,10,1,274,4.675
2010,10,2,275,7.225
2010,10,3,276,2.25
2010,10,4,277,2.375
2010,10,5,278,9.525
2010,10,6,279,2.7
2010,10,7,280,4.95
2010,10,8,281,1.375
2010,10,9,282,0.8
2010,10,10,283,3.125
2010,10,11,284,8.425
2010,10,12,285,5.65
2010,10,13,286,5.525
2010,10,14,287,3.525
2010,10,15,288,2.9
2010,10,16,289,3.5
2010,10,17,290,2.675
2010,10,18,291,2.925
2010,10,19,292,7.35
2010,10,20,293,10.025
2010,10,21,294,5.6
2010,10,22,295,12.025
2010,10,23,296,9.4
2010,10,24,297,3.375
2010,10,25,298,3.925
2010,10,26,299,2.975
2010,10,27,300,2.675
2010,10,28,301,0.95
2010,10,29,302,1.375
2010,10,30,303,3.45
2010,10,31,304,5.75
2010,11,1,305,8.85
2010,11,2,306,5.85
2010,11,3,307,5.025
2010,11,4,308,4.7
2010,11,5,309,6.8
2010,11,6,310,3.175
2010,11,7,311,5.425
2010,11,8,312,4.275
2010,11,9,313,4.625
2010,11,10,314,5.35
2010,11,11,315,6.675
2010,11,12,316,4.475
2010,11,13,317,6.625
2010,11,14,318,4.075
2010,11,15,319,2.65
2010,11,16,320,4.7
2010,11,17,321,5.175
2010,11,18,322,3.95
2010,11,19,323,2.25
2010,11,20,324,4.85
2010,11,21,325,5.925
2010,11,22,326,3.85
2010,11,23,327,4.375
2010,11,24,328,9.85
2010,11,25,329,7.025
2010,11,26,330,5.575
2010,11,27,331,2.75
2010,11,28,332,4.425
2010,11,29,333,5.325
2010,11,30,334,3.4
2010,12,1,335,7.9
2010,12,2,336,7.225
2010,12,3,337,5.05
2010,12,4,338,9.925
2010,12,5,339,8.25
2010,12,6,340,7.625
2010,12,7,341,3.05
2010,12,8,342,3.725
2010,12,9,343,4.325
2010,12,10,344,3.825
2010,12,11,345,3.05
2010,12,12,346,2.25
2010,12,13,347,2.775
2010,12,14,348,3.85
2010,12,15,349,6.825
2010,12,16,350,12
2010,12,17,351,8.875
2010,12,18,352,0.825
2010,12,19,353,6.3
2010,12,20,354,12.075
2010,12,21,355,9.95
2010,12,22,356,2.275
2010,12,23,357,3.4
2010,12,24,358,2.575
2010,12,25,359,3.775
2010,12,26,360,3.775
2010,12,27,361,4.225
2010,12,28,362,4.075
2010,12,29,363,2.925
2010,12,30,364,8.85
2010,12,31,365,12.875
2011,1,1,1,9.275
2011,1,2,2,3.5
2011,1,3,3,2.5
2011,1,4,4,7.95
2011,1,5,5,6.05
2011,1,6,6,5.05
2011,1,7,7,2.15
2011,1,8,8,9.9
2011,1,9,9,10.075
2011,1,10,10,9.65
2011,1,11,11,7.525
2011,1,12,12,10.025
2011,1,13,13,1.8
2011,1,14,14,5.025
2011,1,15,15,3.275
2011,1,16,16,2.25
2011,1,17,17,2.25
2011,1,18,18,6.275
2011,1,19,19,1.15
2011,1,20,20,5.8
2011,1,21,21,1.875
2011,1,22,22,9.175
2011,1,23,23,2.425
2011,1,24,24,2.075
2011,1,25,25,3.55
2011,1,26,26,3.25
2011,1,27,27,6.575
2011,1,28,28,4.4
2011,1,29,29,6.975
2011,1,30,30,3.525
2011,1,31,31,4.625
2011,2,1,32,1.225
2011,2,2,33,2.275
2011,2,3,34,4.8
2011,2,4,35,5.8
2011,2,5,36,7.25
2011,2,6,37,7.025
2011,2,7,38,8.05
2011,2,8,39,6.85
2011,2,9,40,0.875
2011,2,10,41,0.6
2011,2,11,42,1.225
2011,2,12,43,4
2011,2,13,44,1.7
2011,2,14,45,0.9
2011,2,15,46,0.425
2011,2,16,47,1.2
2011,2,17,48,1.175
2011,2,18,49,3.7
2011,2,19,50,3.475
2011,2,20,51,7.225
2011,2,21,52,3.825
2011,2,22,53,2.275
2011,2,23,54,3.05
2011,2,24,55,8.4
2011,2,25,56,12.625
2011,2,26,57,5.75
2011,2,27,58,7.8
2011,2,28,59,3.7
2011,3,1,60,5.475
2011,3,2,61,2.325
2011,3,3,62,1.375
2011,3,4,63,2.95
2011,3,5,64,4.175
2011,3,6,65,2.925
2011,3,7,66,12.325
2011,3,8,67,7.5
2011,3,9,68,11.525
2011,3,10,69,8.475
2011,3,11,70,5.5
2011,3,12,71,2.725
2011,3,13,72,1.375
2011,3,14,73,1.775
2011,3,15,74,5.975
2011,3,16,75,7.825
2011,3,17,76,7
2011,3,18,77,12.6
2011,3,19,78,8.475
2011,3,20,79,5.175
2011,3,21,80,3.75
2011,3,22,81,4.6
2011,3,23,82,2.775
2011,3,24,83,7.6
2011,3,25,84,2.4
2011,3,26,85,2.325
2011,3,27,86,2.25
2011,3,28,87,1.425
2011,3,29,88,0.525
2011,3,30,89,1.15
2011,3,31,90,0.875
2011,4,1,91,1.675
2011,4,2,92,8.75
2011,4,3,93,14.525
2011,4,4,94,8.375
2011,4,5,95,5.125
2011,4,6,96,5.925
2011,4,7,97,6.725
2011,4,8,98,4.6
2011,4,9,99,2.225
2011,4,10,100,7.075
2011,4,11,101,8.3
2011,4,12,102,5.85
2011,4,13,103,0.975
2011,4,14,104,4.5
2011,4,15,105,10.05
2011,4,16,106,2.55
2011,4,17,107,2.225
2011,4,18,108,0.55
2011,4,19,109,4.025
2011,4,20,110,8.675
2011,4,21,111,6.9
2011,4,22,112,8.725
2011,4,23,113,5.175
2011,4,24,114,1.3
2011,4,25,115,3.825
2011,4,26,116,1.2
2011,4,27,117,2.725
2011,4,28,118,5.65
2011,4,29,119,2.625
2011,4,30,120,2.825
2011,5,1,121,1.525
2011,5,2,122,1.25
2011,5,3,123,3.325
2011,5,4,124,4.625
2011,5,5,125,1.55
2011,5,6,126,1.2
2011,5,7,127,1.8
2011,5,8,128,5
2011,5,9,129,9.1
2011,5,10,130,4.7
2011,5,11,131,1.675
2011,5,12,132,0.775
2011,5,13,133,2.275
2011,5,14,134,2.625
2011,5,15,135,6.4
2011,5,16,136,3.425
2011,5,17,137,2.125
2011,5,18,138,1.9
2011,5,19,139,4.95
2011,5,20,140,2.375
2011,5,21,141,3.8
2011,5,22,142,1.85
2011,5,23,143,2.025
2011,5,24,144,3.525
2011,5,25,145,7.125
2011,5,26,146,3.65
2011,5,27,147,3.075
2011,5,28,148,3.875
2011,5,29,149,7.975
2011,5,30,150,9.775
2011,5,31,151,3.9
2011,6,1,152,1.15
2011,6,2,153,6.95
2011,6,3,154,3.575
2011,6,4,155,2.6
2011,6,5,156,3.55
2011,6,6,157,3.025
2011,6,7,158,3.55
2011,6,8,159,3.825
2011,6,9,160,5.75
2011,6,10,161,1.65
2011,6,11,162,2.15
2011,6,12,163,1.875
2011,6,13,164,1.7
2011,6,14,165,4.25
2011,6,15,166,4.35
2011,6,16,167,4.65
2011,6,17,168,2.1
2011,6,18,169,2.3
2011,6,19,170,4.3
2011,6,20,171,3.875
2011,6,21,172,4.025
2011,6,22,173,3.55
2011,6,23,174,7.525
2011,6,24,175,5.525
2011,6,25,176,6.425
2011,6,26,177,4.325
2011,6,27,178,6.55
2011,6,28,179,9.8
2011,6,29,180,3.725
2011,6,30,181,2.85
2011,7,1,182,2.75
2011,7,2,183,2.625
2011,7,3,184,4.925
2011,7,4,185,6.05
2011,7,5,186,5.125
2011,7,6,187,4.05
2011,7,7,188,5.125
2011,7,8,189,4.975
2011,7,9,190,8
2011,7,10,191,10
2011,7,11,192,4.05
2011,7,12,193,4.2
2011,7,13,194,3.125
2011,7,14,195,3.825
2011,7,15,196,5.1
2011,7,16,197,6.2
2011,7,17,198,3.525
2011,7,18,199,6.5
2011,7,19,200,4.3
2011,7,20,201,7.85
2011,7,21,202,5.325
2011,7,22,203,3.55
2011,7,23,204,6.5
2011,7,24,205,8.075
2011,7,25,206,6.725
2011,7,26,207,6.775
2011,7,27,208,6.55
2011,7,28,209,4.225
2011,7,29,210,4.275
2011,7,30,211,1.925
2011,7,31,212,3.3
2011,8,1,213,3.55
2011,8,2,214,3.275
2011,8,3,215,3.675
2011,8,4,216,4.575
2011,8,5,217,3.8
2011,8,6,218,4.975
2011,8,7,219,5.45
2011,8,8,220,3.275
2011,8,9,221,5.025
2011,8,10,222,4.1
2011,8,11,223,5.6
2011,8,12,224,4.6
2011,8,13,225,2.6
2011,8,14,226,2.925
2011,8,15,227,3.35
2011,8,16,228,1.825
2011,8,17,229,3.1
2011,8,18,230,6.575
2011,8,19,231,3.425
2011,8,20,232,2.45
2011,8,21,233,1.8
2011,8,22,234,2.725
2011,8,23,235,2.275
2011,8,24,236,5.3
2011,8,25,237,4.375
2011,8,26,238,1.9
2011,8,27,239,2.525
2011,8,28,240,2.475
2011,8,29,241,3.125
2011,8,30,242,3.425
2011,8,31,243,1.975
2011,9,1,244,4.425
2011,9,2,245,5.55
2011,9,3,246,2.05
2011,9,4,247,2.7
2011,9,5,248,3.125
2011,9,6,249,3.575
2011,9,7,250,7.925
2011,9,8,251,3.8
2011,9,9,252,1.5
2011,9,10,253,1.975
2011,9,11,254,2.575
2011,9,12,255,3.175
2011,9,13,256,7.275
2011,9,14,257,7.725
2011,9,15,258,1.425
2011,9,16,259,4.9
2011,9,17,260,6
2011,9,18,261,2.575
2011,9,19,262,3.5
2011,9,20,263,3
2011,9,21,264,3.1
2011,9,22,265,5.475
2011,9,23,266,1.7
2011,9,24,267,0.975
2011,9,25,268,3.85
2011,9,26,269,2.475
2011,9,27,270,1.275
2011,9,28,271,1.9
2011,9,29,272,2.475
2011,9,30,273,3.625
2011,10,1,274,5.25
2011,10,2,275,2.15
2011,10,3,276,9.075
2011,10,4,277,9.325
2011,10,5,278,5.275
2011,10,6,279,4.1
2011,10,7,280,3.475
2011,10,8,281,4.55
2011,10,9,282,3.675
2011,10,10,283,8.825
2011,10,11,284,5.125
2011,10,12,285,2.25
2011,10,13,286,2.05
2011,10,14,287,9.075
2011,10,15,288,4.525
2011,10,16,289,7.75
2011,10,17,290,3.825
2011,10,18,291,5.2
2011,10,19,292,7.775
2011,10,20,293,9.775
2011,10,21,294,5.7
2011,10,22,295,4.775
2011,10,23,296,6.95
2011,10,24,297,8.9
2011,10,25,298,6.9
2011,10,26,299,3.6
2011,10,27,300,2.525
2011,10,28,301,3.275
2011,10,29,302,2.55
2011,10,30,303,8.45
2011,10,31,304,6.875
2011,11,1,305,3.375
2011,11,2,306,4.7
2011,11,3,307,4.075
2011,11,4,308,4.1
2011,11,5,309,5.05
2011,11,6,310,5.275
2011,11,7,311,5.375
2011,11,8,312,5.95
2011,11,9,313,2.75
2011,11,10,314,8.725
2011,11,11,315,5.225
2011,11,12,316,7.1
2011,11,13,317,5.5
2011,11,14,318,5.575
2011,11,15,319,4.325
2011,11,16,320,3.4
2011,11,17,321,5.05
2011,11,18,322,5.075
2011,11,19,323,4.875
2011,11,20,324,3.35
2011,11,21,325,4.925
2011,11,22,326,7.025
2011,11,23,327,9.7
2011,11,24,328,8.075
2011,11,25,329,4.25
2011,11,26,330,3.525
2011,11,27,331,4.475
2011,11,28,332,2.9
2011,11,29,333,6.875
2011,11,30,334,14.125
2011,12,1,335,6.425
2011,12,2,336,6.7
2011,12,3,337,3.325
2011,12,4,338,7.375
2011,12,5,339,4.975
2011,12,6,340,8.375
2011,12,7,341,5.1
2011,12,8,342,5.85
2011,12,9,343,5.275
2011,12,10,344,4.75
2011,12,11,345,5.875
2011,12,12,346,4.75
2011,12,13,347,7.075
2011,12,14,348,6.3
2011,12,15,349,12.2
2011,12,16,350,10.475
2011,12,17,351,7
2011,12,18,352,2.65
2011,12,19,353,4.7
2011,12,20,354,3.275
2011,12,21,355,4.25
2011,12,22,356,7.8
2011,12,23,357,12.8
2011,12,24,358,9.1
2011,12,25,359,4.875
2011,12,26,360,8.85
2011,12,27,361,6.225
2011,12,28,362,6.5
2011,12,29,363,4.25
2011,12,30,364,7.2
2011,12,31,365,4.2
2012,1,1,1,7.125
2012,1,2,2,8.1
2012,1,3,3,6.475
2012,1,4,4,7.375
2012,1,5,5,7.75
2012,1,6,6,6.125
2012,1,7,7,6.45
2012,1,8,8,3.35
2012,1,9,9,2.15
2012,1,10,10,7.625
2012,1,11,11,7.25
2012,1,12,12,8.975
2012,1,13,13,4.575
2012,1,14,14,8.25
2012,1,15,15,8.375
2012,1,16,16,7.9
2012,1,17,17,3.7
2012,1,18,18,3.25
2012,1,19,19,2.525
2012,1,20,20,1.575
2012,1,21,21,1.675
2012,1,22,22,3.675
2012,1,23,23,6.35
2012,1,24,24,4.475
2012,1,25,25,2.175
2012,1,26,26,8.65
2012,1,27,27,5.625
2012,1,28,28,10.65
2012,1,29,29,7.8
2012,1,30,30,11.55
2012,1,31,31,5.95
2012,2,1,32,7.975
2012,2,2,33,3.925
2012,2,3,34,8.925
2012,2,4,35,5.475
2012,2,5,36,3.6
2012,2,6,37,3.875
2012,2,7,38,6.2
2012,2,8,39,9.65
2012,2,9,40,9.375
2012,2,10,41,2.725
2012,2,11,42,3.5
2012,2,12,43,5.3
2012,2,13,44,3.975
2012,2,14,45,4.7
2012,2,15,46,5.925
2012,2,16,47,6.15
2012,2,17,48,9.1
2012,2,18,49,9.7
2012,2,19,50,5.225
2012,2,20,51,7.35
2012,2,21,52,4.55
2012,2,22,53,1.775
2012,2,23,54,3.05
2012,2,24,55,1.075
2012,2,25,56,2.9
2012,2,26,57,2.05
2012,2,27,58,8.8
2012,2,28,59,12.85
2012,3,1,60,3.45
2012,3,2,61,6.675
2012,3,3,62,5
2012,3,4,63,4.575
2012,3,5,64,6.45
2012,3,6,65,5.45
2012,3,7,66,6
2012,3,8,67,7.875
2012,3,9,68,9.425
2012,3,10,69,4.675
2012,3,11,70,2.05
2012,3,12,71,4.8
2012,3,13,72,3.975
2012,3,14,73,4
2012,3,15,74,9.45
2012,3,16,75,12.375
2012,3,17,76,9.65
2012,3,18,77,7.175
2012,3,19,78,7.975
2012,3,20,79,5.175
2012,3,21,80,2.55
2012,3,22,81,1.725
2012,3,23,82,2.85
2012,3,24,83,4.375
2012,3,25,84,6.25
2012,3,26,85,4.925
2012,3,27,86,5.8
2012,3,28,87,5.975
2012,3,29,88,5.5
2012,3,30,89,5.9
2012,3,31,90,8.175
2012,4,1,91,4.1
2012,4,2,92,5.475
2012,4,3,93,3.775
2012,4,4,94,5.55
2012,4,5,95,4.025
2012,4,6,96,4.3
2012,4,7,97,4.8
2012,4,8,98,3.85
2012,4,9,99,4.775
2012,4,10,100,3.65
2012,4,11,101,6.825
2012,4,12,102,5.6
2012,4,13,103,5.775
2012,4,14,104,3.825
2012,4,15,105,4.625
2012,4,16,106,4.4
2012,4,17,107,5.3
2012,4,18,108,5.525
2012,4,19,109,4.975
2012,4,20,110,2.8
2012,4,21,111,2.05
2012,4,22,112,3.175
2012,4,23,113,1.725
2012,4,24,114,4.5
2012,4,25,115,6.1
2012,4,26,116,3.725
2012,4,27,117,1.35
2012,4,28,118,2.5
2012,4,29,119,3.125
2012,4,30,120,7.325
2012,5,1,121,4
2012,5,2,122,3.7
2012,5,3,123,1.675
2012,5,4,124,3.375
2012,5,5,125,2.9
2012,5,6,126,4.1
2012,5,7,127,5.4
2012,5,8,128,3.55
2012,5,9,129,3.05
2012,5,10,130,5.425
2012,5,11,131,8.925
2012,5,12,132,4
2012,5,13,133,8.525
2012,5,14,134,7.8
2012,5,15,135,10.175
2012,5,16,136,6.95
2012,5,17,137,6.175
2012,5,18,138,5.775
2012,5,19,139,10.325
2012,5,20,140,8.1
2012,5,21,141,6.375
2012,5,22,142,4.7
2012,5,23,143,6.35
2012,5,24,144,5.275
2012,5,25,145,2.775
2012,5,26,146,3.925
2012,5,27,147,4.625
2012,5,28,148,10.475
2012,5,29,149,6
2012,5,30,150,5.375
2012,5,31,151,2.25
2012,6,1,152,1.925
2012,6,2,153,1.45
2012,6,3,154,3
2012,6,4,155,2.375
2012,6,5,156,2.625
2012,6,6,157,2.525
2012,6,7,158,4.175
2012,6,8,159,3.7
2012,6,9,160,2.75
2012,6,10,161,1.575
2012,6,11,162,1.925
2012,6,12,163,4.225
2012,6,13,164,4.425
2012,6,14,165,4.675
2012,6,15,166,3.65
2012,6,16,167,5.85
2012,6,17,168,4.45
2012,6,18,169,2.2
2012,6,19,170,6.275
2012,6,20,171,2.8
2012,6,21,172,4.325
2012,6,22,173,5.925
2012,6,23,174,3.1
2012,6,24,175,3.5
2012,6,25,176,4.35
2012,6,26,177,3.45
2012,6,27,178,4.95
2012,6,28,179,5.925
2012,6,29,180,5.075
2012,6,30,181,4.125
2012,7,1,182,5.075
2012,7,2,183,3.8
2012,7,3,184,3.925
2012,7,4,185,7.125
2012,7,5,186,1.4
2012,7,6,187,8.6
2012,7,7,188,5.25
2012,7,8,189,4.375
2012,7,9,190,3.75
2012,7,10,191,3.95
2012,7,11,192,4.4
2012,7,12,193,5.35
2012,7,13,194,2.1
2012,7,14,195,2.3
2012,7,15,196,4.025
2012,7,16,197,4.675
2012,7,17,198,3.35
2012,7,18,199,3.05
2012,7,19,200,4.075
2012,7,20,201,3.975
2012,7,21,202,6.775
2012,7,22,203,1.55
2012,7,23,204,3.2
2012,7,24,205,3.15
2012,7,25,206,4.525
2012,7,26,207,6.375
2012,7,27,208,2.95
2012,7,28,209,1.75
2012,7,29,210,4.2
2012,7,30,211,9.425
2012,7,31,212,3.1
2012,8,1,213,3.25
2012,8,2,214,1.925
2012,8,3,215,1.475
2012,8,4,216,2.8
2012,8,5,217,3.8
2012,8,6,218,2.8
2012,8,7,219,3.525
2012,8,8,220,4.3
2012,8,9,221,2.6
2012,8,10,222,1.875
2012,8,11,223,4.65
2012,8,12,224,3.925
2012,8,13,225,5.25
2012,8,14,226,5.2
2012,8,15,227,4.325
2012,8,16,228,2.175
2012,8,17,229,2.025
2012,8,18,230,3.05
2012,8,19,231,5.85
2012,8,20,232,8.95
2012,8,21,233,7.2
2012,8,22,234,4.8
2012,8,23,235,0
2012,8,24,236,3.25
2012,8,25,237,7.975
2012,8,26,238,11.75
2012,8,27,239,9.075
2012,8,28,240,3.9
2012,8,29,241,6.7
2012,8,30,242,3.275
2012,8,31,243,7.775
2012,9,1,244,3.425
2012,9,2,245,4.55
2012,9,3,246,4.5
2012,9,4,247,4.2
2012,9,5,248,3
2012,9,6,249,2.375
2012,9,7,250,3.325
2012,9,8,251,3.775
2012,9,9,252,6.75
2012,9,10,253,2.925
2012,9,11,254,7.825
2012,9,12,255,11.9
2012,9,13,256,11.775
2012,9,14,257,8.225
2012,9,15,258,8.6
2012,9,16,259,8.375
2012,9,17,260,8.55
2012,9,18,261,8.225
2012,9,19,262,8.225
2012,9,20,263,4.625
2012,9,21,264,1.45
2012,9,22,265,1.175
2012,9,23,266,2.225
2012,9,24,267,3.95
2012,9,25,268,4.875
2012,9,26,269,2.275
2012,9,27,270,1.925
2012,9,28,271,2.275
2012,9,29,272,4.025
2012,9,30,273,3.2
2012,10,1,274,6.6
2012,10,2,275,3.375
2012,10,3,276,2.2
2012,10,4,277,2
2012,10,5,278,2.85
2012,10,6,279,4.375
2012,10,7,280,3.175
2012,10,8,281,2.525
2012,10,9,282,5.8
2012,10,10,283,3.825
2012,10,11,284,4.4
2012,10,12,285,3.625
2012,10,13,286,4.625
2012,10,14,287,5.525
2012,10,15,288,3.275
2012,10,16,289,3.425
2012,10,17,290,3.75
2012,10,18,291,2.1
2012,10,19,292,1.6
2012,10,20,293,1.425
2012,10,21,294,0.825
2012,10,22,295,3.7
2012,10,23,296,6.35
2012,10,24,297,6.6
2012,10,25,298,6.025
2012,10,26,299,2.6
2012,10,27,300,2.975
2012,10,28,301,3.2
2012,10,29,302,5.275
2012,10,30,303,3.95
2012,10,31,304,5.35
2012,11,1,305,6.9
2012,11,2,306,5.6
2012,11,3,307,5.35
2012,11,4,308,1.4
2012,11,5,309,5.45
2012,11,6,310,3.925
2012,11,7,311,4.325
2012,11,8,312,6.775
2012,11,9,313,7.175
2012,11,10,314,4.65
2012,11,11,315,5.1
2012,11,12,316,6.5
2012,11,13,317,2.175
2012,11,14,318,4.575
2012,11,15,319,6.175
2012,11,16,320,5.25
2012,11,17,321,2.35
2012,11,18,322,8.825
2012,11,19,323,7.1
2012,11,20,324,2.95
2012,11,21,325,4.125
2012,11,22,326,4.975
2012,11,23,327,3.2
2012,11,24,328,6.3
2012,11,25,329,11.925
2012,11,26,330,11.075
2012,11,27,331,9
2012,11,28,332,4.75
2012,11,29,333,8.15
2012,11,30,334,6.225
2012,12,1,335,5.4
2012,12,2,336,5.625
2012,12,3,337,2.25
2012,12,4,338,3.95
2012,12,5,339,4.575
2012,12,6,340,4.825
2012,12,7,341,3.875
2012,12,8,342,3.825
2012,12,9,343,6
2012,12,10,344,2.2
2012,12,11,345,3.275
2012,12,12,346,4.2
2012,12,13,347,2.7
2012,12,14,348,2.475
2012,12,15,349,3.575
2012,12,16,350,7.05
2012,12,17,351,4.775
2012,12,18,352,7.6
2012,12,19,353,4.6
2012,12,20,354,6.25
2012,12,21,355,12.05
2012,12,22,356,7.925
2012,12,23,357,3.8
2012,12,24,358,7.425
2012,12,25,359,4.925
2012,12,26,360,6.325
2012,12,27,361,5.525
2012,12,28,362,4.6
2012,12,29,363,7.925
2012,12,30,364,7.05
2012,12,31,365,13.65
2013,1,1,1,12.5
2013,1,2,2,8.125
2013,1,3,3,2.15
2013,1,4,4,6.725
2013,1,5,5,4.85
2013,1,6,6,7
2013,1,7,7,8.6
2013,1,8,8,4.15
2013,1,9,9,3.825
2013,1,10,10,9.35
2013,1,11,11,10.4
2013,1,12,12,4.475
2013,1,13,13,3.65
2013,1,14,14,5.3
2013,1,15,15,5.825
2013,1,16,16,8.975
2013,1,17,17,4.55
2013,1,18,18,5.65
2013,1,19,19,4.975
2013,1,20,20,6.225
2013,1,21,21,8.65
2013,1,22,22,7.025
2013,1,23,23,5.1
2013,1,24,24,4.725
2013,1,25,25,7.25
2013,1,26,26,8.65
2013,1,27,27,6.625
2013,1,28,28,7.025
2013,1,29,29,7.9
2013,1,30,30,7.25
2013,1,31,31,8.025
2013,2,1,32,7.75
2013,2,2,33,6.2
2013,2,3,34,4.85
2013,2,4,35,2.475
2013,2,5,36,3.975
2013,2,6,37,4.525
2013,2,7,38,2.825
2013,2,8,39,6.475
2013,2,9,40,3.75
2013,2,10,41,7.525
2013,2,11,42,8.675
2013,2,12,43,8.275
2013,2,13,44,4.825
2013,2,14,45,3.65
2013,2,15,46,5.775
2013,2,16,47,5.225
2013,2,17,48,2.275
2013,2,18,49,4.05
2013,2,19,50,4
2013,2,20,51,8.075
2013,2,21,52,5.25
2013,2,22,53,10.95
2013,2,23,54,5.475
2013,2,24,55,3.625
2013,2,25,56,8.625
2013,2,26,57,8.525
2013,2,27,58,10.525
2013,2,28,59,9.575
2013,3,1,60,3.725
2013,3,2,61,4.15
2013,3,3,62,4.075
2013,3,4,63,5.4
2013,3,5,64,10.55
2013,3,6,65,7.1
2013,3,7,66,6.575
2013,3,8,67,3.95
2013,3,9,68,1.825
2013,3,10,69,4.825
2013,3,11,70,6.075
2013,3,12,71,5.45
2013,3,13,72,3.7
2013,3,14,73,4.5
2013,3,15,74,7.375
2013,3,16,75,6.425
2013,3,17,76,5.475
2013,3,18,77,9.45
2013,3,19,78,8.625
2013,3,20,79,4
2013,3,21,80,2.15
2013,3,22,81,0.925
2013,3,23,82,3.45
2013,3,24,83,4.125
2013,3,25,84,7.65
2013,3,26,85,6.175
2013,3,27,86,9.525
2013,3,28,87,7.675
2013,3,29,88,7.6
2013,3,30,89,5.825
2013,3,31,90,4.3
2013,4,1,91,3.775
2013,4,2,92,4.425
2013,4,3,93,4.95
2013,4,4,94,4.225
2013,4,5,95,4.15
2013,4,6,96,4.1
2013,4,7,97,5
2013,4,8,98,3.725
2013,4,9,99,3.925
2013,4,10,100,2.5
2013,4,11,101,4.65
2013,4,12,102,3.475
2013,4,13,103,2.125
2013,4,14,104,1.55
2013,4,15,105,4.5
2013,4,16,106,7.25
2013,4,17,107,8
2013,4,18,108,3.525
2013,4,19,109,3.375
2013,4,20,110,2.45
2013,4,21,111,6.825
2013,4,22,112,7.55
2013,4,23,113,3.075
2013,4,24,114,2.7
2013,4,25,115,1.875
2013,4,26,116,6.775
2013,4,27,117,5.775
2013,4,28,118,2.05
2013,4,29,119,1.9
2013,4,30,120,4.225
2013,5,1,121,10.2
2013,5,2,122,5.875
2013,5,3,123,0.775
2013,5,4,124,1.175
2013,5,5,125,2.375
2013,5,6,126,6.925
2013,5,7,127,7.375
2013,5,8,128,4.5
2013,5,9,129,3.925
2013,5,10,130,3.55
2013,5,11,131,3.275
2013,5,12,132,2
2013,5,13,133,1.625
2013,5,14,134,1.525
2013,5,15,135,2.1
2013,5,16,136,2.2
2013,5,17,137,7.625
2013,5,18,138,5.925
2013,5,19,139,4.775
2013,5,20,140,5.35
2013,5,21,141,2.65
2013,5,22,142,8.625
2013,5,23,143,4.8
2013,5,24,144,3.175
2013,5,25,145,4.15
2013,5,26,146,1.975
2013,5,27,147,2.35
2013,5,28,148,1.05
2013,5,29,149,5.025
2013,5,30,150,1.75
2013,5,31,151,3.8
2013,6,1,152,2.775
2013,6,2,153,2.7
2013,6,3,154,3.65
2013,6,4,155,7.1
2013,6,5,156,6.575
2013,6,6,157,7.375
2013,6,7,158,2.9
2013,6,8,159,6.325
2013,6,9,160,6.025
2013,6,10,161,4.6
2013,6,11,162,5.425
2013,6,12,163,7.2
2013,6,13,164,6.6
2013,6,14,165,7.9
2013,6,15,166,5.725
2013,6,16,167,6.2
2013,6,17,168,4.25
2013,6,18,169,2.825
2013,6,19,170,3.775
2013,6,20,171,3.15
2013,6,21,172,3
2013,6,22,173,3.1
2013,6,23,174,6.95
2013,6,24,175,9.05
2013,6,25,176,4.65
2013,6,26,177,5.033333333
2013,6,27,178,4.1
2013,6,28,179,3.95
2013,6,29,180,3.05
2013,6,30,181,3.625
2013,7,1,182,3.95
2013,7,2,183,2.2
2013,7,3,184,5.5
2013,7,4,185,4.875
2013,7,5,186,2.025
2013,7,6,187,1.725
2013,7,7,188,3
2013,7,8,189,4.075
2013,7,9,190,8.025
2013,7,10,191,6.875
2013,7,11,192,3.25
2013,7,12,193,3.45
2013,7,13,194,4.05
2013,7,14,195,2.425
2013,7,15,196,3.775
2013,7,16,197,3.65
2013,7,17,198,5.5
2013,7,18,199,5.1
2013,7,19,200,2.825
2013,7,20,201,5.475
2013,7,21,202,5.95
2013,7,22,203,5.175
2013,7,23,204,5.55
2013,7,24,205,5.425
2013,7,25,206,4.475
2013,7,26,207,2.525
2013,7,27,208,3.325
2013,7,28,209,2.6
2013,7,29,210,1.025
2013,7,30,211,2.025
2013,7,31,212,2.75
2013,8,1,213,4.475
2013,8,2,214,5.35
2013,8,3,215,4.975
2013,8,4,216,3.15
2013,8,5,217,4.275
2013,8,6,218,3.5
2013,8,7,219,6.625
2013,8,8,220,4.925
2013,8,9,221,5.125
2013,8,10,222,7.95
2013,8,11,223,4.525
2013,8,12,224,4.7
2013,8,13,225,2.875
2013,8,14,226,6.975
2013,8,15,227,3.45
2013,8,16,228,3.425
2013,8,17,229,3.25
2013,8,18,230,8.7
2013,8,19,231,2.6
2013,8,20,232,3.75
2013,8,21,233,1.75
2013,8,22,234,3.625
2013,8,23,235,3.525
2013,8,24,236,4.45
2013,8,25,237,3
2013,8,26,238,5.025
2013,8,27,239,7.35
2013,8,28,240,6.575
2013,8,29,241,4.2
2013,8,30,242,1.95
2013,8,31,243,2.5
2013,9,1,244,1.325
2013,9,2,245,1.75
2013,9,3,246,5.175
2013,9,4,247,3.7
2013,9,5,248,5.525
2013,9,6,249,7.225
2013,9,7,250,5.275
2013,9,8,251,4.275
2013,9,9,252,3.15
2013,9,10,253,6.8
2013,9,11,254,2.15
2013,9,12,255,4.85
2013,9,13,256,9.55
2013,9,14,257,2.325
2013,9,15,258,2.025
2013,9,16,259,2.4
2013,9,17,260,3.65
2013,9,18,261,1.375
2013,9,19,262,1.75
2013,9,20,263,5.075
2013,9,21,264,7.325
2013,9,22,265,8.15
2013,9,23,266,5
2013,9,24,267,1.325
2013,9,25,268,2.225
2013,9,26,269,1.6
2013,9,27,270,2.525
2013,9,28,271,5.25
2013,9,29,272,4.5
2013,9,30,273,5.25
2013,10,1,274,5.4
2013,10,2,275,5.525
2013,10,3,276,8.4
2013,10,4,277,0.95
2013,10,5,278,3.166666667
2013,10,6,279,0
2013,10,7,280,8.8
2013,10,8,281,8.366666667
2013,10,9,282,6.475
2013,10,10,283,5.425
2013,10,11,284,8.425
2013,10,12,285,4.425
2013,10,13,286,3.766666667
2013,10,14,287,9.575
2013,10,15,288,3.066666667
2013,10,16,289,3.4
2013,10,17,290,4.1
2013,10,18,291,4.525
2013,10,19,292,4.95
2013,10,20,293,4.1
2013,10,21,294,3.3
2013,10,22,295,3.275
2013,10,23,296,2.65
2013,10,24,297,3.15
2013,10,25,298,4.35
2013,10,26,299,5.3
2013,10,27,300,4.025
2013,10,28,301,3.55
2013,10,29,302,8.375
2013,10,30,303,5.95
2013,10,31,304,4.275
2013,11,1,305,6.75
2013,11,2,306,5.125
2013,11,3,307,4.4
2013,11,4,308,7.1
2013,11,5,309,10
2013,11,6,310,8.6
2013,11,7,311,6.575
2013,11,8,312,5.425
2013,11,9,313,3.25
2013,11,10,314,5.75
2013,11,11,315,5.833333333
2013,11,12,316,5.625
2013,11,13,317,2.975
2013,11,14,318,5.975
2013,11,15,319,5.525
2013,11,16,320,9.875
2013,11,17,321,7.825
2013,11,18,322,4.15
2013,11,19,323,2.675
2013,11,20,324,4.775
2013,11,21,325,6.4
2013,11,22,326,11.475
2013,11,23,327,10.325
2013,11,24,328,4.525
2013,11,25,329,6.85
2013,11,26,330,4.8
2013,11,27,331,5.425
2013,11,28,332,5.925
2013,11,29,333,4.625
2013,11,30,334,6.25
2013,12,1,335,5.7
2013,12,2,336,4.75
2013,12,3,337,5.55
2013,12,4,338,2.925
2013,12,5,339,5.575
2013,12,6,340,2.95
2013,12,7,341,5.475
2013,12,8,342,4.3
2013,12,9,343,5.6
2013,12,10,344,6.85
2013,12,11,345,8.975
2013,12,12,346,4.2
2013,12,13,347,4.05
2013,12,14,348,8.35
2013,12,15,349,6.925
2013,12,16,350,10.85
2013,12,17,351,5.925
2013,12,18,352,5.45
2013,12,19,353,4.5
2013,12,20,354,2.875
2013,12,21,355,6.575
2013,12,22,356,7.9
2013,12,23,357,11.375
2013,12,24,358,11.85
2013,12,25,359,13.25
2013,12,26,360,11.075
2013,12,27,361,8.075
2013,12,28,362,10.3
2013,12,29,363,8.125
2013,12,30,364,5.225
2013,12,31,365,3.675
2014,1,1,1,5.175
2014,1,2,2,2.75
2014,1,3,3,3.7
2014,1,4,4,9.45
2014,1,5,5,11.325
2014,1,6,6,8.825
2014,1,7,7,6.65
2014,1,8,8,6.625
2014,1,9,9,6.925
2014,1,10,10,5.275
2014,1,11,11,6.875
2014,1,12,12,6.5
2014,1,13,13,6.325
2014,1,14,14,3.2
2014,1,15,15,4.6
2014,1,16,16,6.3
2014,1,17,17,5.625
2014,1,18,18,8.725
2014,1,19,19,5.15
2014,1,20,20,4.225
2014,1,21,21,6.425
2014,1,22,22,3
2014,1,23,23,5.45
2014,1,24,24,3.925
2014,1,25,25,3.775
2014,1,26,26,7.05
2014,1,27,27,5.075
2014,1,28,28,5.675
2014,1,29,29,4.575
2014,1,30,30,4.25
2014,1,31,31,4.3
2014,2,1,32,4.55
2014,2,2,33,8.4
2014,2,3,34,6.925
2014,2,4,35,1
2014,2,5,36,4.975
2014,2,6,37,7.35
2014,2,7,38,9.375
2014,2,8,39,7.85
2014,2,9,40,9.275
2014,2,10,41,7.275
2014,2,11,42,4.6
2014,2,12,43,9.075
2014,2,13,44,8.3
2014,2,14,45,9.025
2014,2,15,46,5.775
2014,2,16,47,3.325
2014,2,17,48,5.775
2014,2,18,49,8.175
2014,2,19,50,4.85
2014,2,20,51,7.475
2014,2,21,52,6.625
2014,2,22,53,6.625
2014,2,23,54,5.375
2014,2,24,55,7.675
2014,2,25,56,5.025
2014,2,26,57,6.2
2014,2,27,58,5.775
2014,2,28,59,4.425
2014,3,1,60,5.75
2014,3,2,61,6.825
2014,3,3,62,6.85
2014,3,4,63,3.025
2014,3,5,64,4.125
2014,3,6,65,9.8
2014,3,7,66,8.525
2014,3,8,67,5.35
2014,3,9,68,4.15
2014,3,10,69,5.1
2014,3,11,70,5.05
2014,3,12,71,6.825
2014,3,13,72,5.95
2014,3,14,73,7.225
2014,3,15,74,6.15
2014,3,16,75,3.5
2014,3,17,76,5.125
2014,3,18,77,7.525
2014,3,19,78,4.325
2014,3,20,79,3.225
2014,3,21,80,5.75
2014,3,22,81,4.575
2014,3,23,82,5.275
2014,3,24,83,4.55
2014,3,25,84,5.325
2014,3,26,85,6.725
2014,3,27,86,6.025
2014,3,28,87,9.7
2014,3,29,88,7.875
2014,3,30,89,3.4
2014,3,31,90,4.166666667
2014,4,1,91,2.675
2014,4,2,92,4.15
2014,4,3,93,4.65
2014,4,4,94,4.025
2014,4,5,95,5.05
2014,4,6,96,4.05
2014,4,7,97,3.875
2014,4,8,98,3
2014,4,9,99,4.175
2014,4,10,100,5.975
2014,4,11,101,5.5
2014,4,12,102,3.15
2014,4,13,103,6.75
2014,4,14,104,3.825
2014,4,15,105,4.525
2014,4,16,106,8.175
2014,4,17,107,8.25
2014,4,18,108,4.5
2014,4,19,109,4.25
2014,4,20,110,3.45
2014,4,21,111,2.45
2014,4,22,112,4.125
2014,4,23,113,3.85
2014,4,24,114,5.075
2014,4,25,115,3.35
2014,4,26,116,2.275
2014,4,27,117,3.15
2014,4,28,118,8.575
2014,4,29,119,3.2
2014,4,30,120,5.65
2014,5,1,121,4.075
2014,5,2,122,6.45
2014,5,3,123,2.525
2014,5,4,124,2.075
2014,5,5,125,4.4
2014,5,6,126,5.75
2014,5,7,127,6.7
2014,5,8,128,8.675
2014,5,9,129,2.7
2014,5,10,130,4.275
2014,5,11,131,3.525
2014,5,12,132,4.75
2014,5,13,133,4.9
2014,5,14,134,4.375
2014,5,15,135,3.725
2014,5,16,136,2.45
2014,5,17,137,5.65
2014,5,18,138,1.725
2014,5,19,139,2.5
2014,5,20,140,3.65
2014,5,21,141,9.725
2014,5,22,142,5.525
2014,5,23,143,1.925
2014,5,24,144,1.825
2014,5,25,145,3.65
2014,5,26,146,5.6
2014,5,27,147,7.125
2014,5,28,148,3.675
2014,5,29,149,4.025
2014,5,30,150,3.225
2014,5,31,151,3.875
2014,6,1,152,2.6
2014,6,2,153,3.725
2014,6,3,154,3.4
2014,6,4,155,2.325
2014,6,5,156,3.05
2014,6,6,157,4.125
2014,6,7,158,3.95
2014,6,8,159,4.325
2014,6,9,160,2.725
2014,6,10,161,3.725
2014,6,11,162,4.75
2014,6,12,163,2.725
2014,6,13,164,5.575
2014,6,14,165,8.45
2014,6,15,166,6.925
2014,6,16,167,2.775
2014,6,17,168,4.175
2014,6,18,169,5.75
2014,6,19,170,3.275
2014,6,20,171,2.95
2014,6,21,172,2.725
2014,6,22,173,4.725
2014,6,23,174,4.375
2014,6,24,175,4.85
2014,6,25,176,2.6
2014,6,26,177,3.6
2014,6,27,178,1.675
2014,6,28,179,1.225
2014,6,29,180,3.375
2014,6,30,181,3.925
2014,7,1,182,4.25
2014,7,2,183,2.225
2014,7,3,184,2.025
2014,7,4,185,2.8
2014,7,5,186,3.2
2014,7,6,187,2.55
2014,7,7,188,2.675
2014,7,8,189,4.525
2014,7,9,190,5.025
2014,7,10,191,2.6
2014,7,11,192,5.575
2014,7,12,193,9.1
2014,7,13,194,7.2
2014,7,14,195,9.3
2014,7,15,196,3.275
2014,7,16,197,3.575
2014,7,17,198,1.925
2014,7,18,199,2.875
2014,7,19,200,3.925
2014,7,20,201,4.425
2014,7,21,202,6.775
2014,7,22,203,2.025
2014,7,23,204,2.775
2014,7,24,205,5.3
2014,7,25,206,5.05
2014,7,26,207,3.625
2014,7,27,208,5.725
2014,7,28,209,2.475
2014,7,29,210,3.75
2014,7,30,211,4
2014,7,31,212,7.025
2014,8,1,213,2.625
2014,8,2,214,6.575
2014,8,3,215,8
2014,8,4,216,4.025
2014,8,5,217,7.8
2014,8,6,218,6.675
2014,8,7,219,2.95
2014,8,8,220,3.8
2014,8,9,221,4.375
2014,8,10,222,2.45
2014,8,11,223,4.675
2014,8,12,224,4.925
2014,8,13,225,3.625
2014,8,14,226,3.15
2014,8,15,227,3.6
2014,8,16,228,3.85
2014,8,17,229,1.875
2014,8,18,230,2.725
2014,8,19,231,2.75
2014,8,20,232,2
2014,8,21,233,2.825
2014,8,22,234,3.525
2014,8,23,235,2.4
2014,8,24,236,3.15
2014,8,25,237,2.25
2014,8,26,238,2.575
2014,8,27,239,3.3
2014,8,28,240,4.25
2014,8,29,241,9.925
2014,8,30,242,5
2014,8,31,243,6.575
2014,9,1,244,3
2014,9,2,245,4.925
2014,9,3,246,10.525
2014,9,4,247,6.725
2014,9,5,248,2.15
2014,9,6,249,3.025
2014,9,7,250,4.35
2014,9,8,251,2.825
2014,9,9,252,3.6
2014,9,10,253,3.1
2014,9,11,254,2.55
2014,9,12,255,4.975
2014,9,13,256,6.7
2014,9,14,257,10.575
2014,9,15,258,2.85
2014,9,16,259,3.725
2014,9,17,260,11.4
2014,9,18,261,12.45
2014,9,19,262,9.4
2014,9,20,263,4.25
2014,9,21,264,2.225
2014,9,22,265,4
2014,9,23,266,5.8
2014,9,24,267,5.4
2014,9,25,268,5.725
2014,9,26,269,4.725
2014,9,27,270,2.4
2014,9,28,271,2.15
2014,9,29,272,2.375
2014,9,30,273,5.875
2014,10,1,274,4.85
2014,10,2,275,5.675
2014,10,3,276,4.6
2014,10,4,277,8.8
2014,10,5,278,4.275
2014,10,6,279,8.15
2014,10,7,280,5.275
2014,10,8,281,3.95
2014,10,9,282,2.7
2014,10,10,283,2.95
2014,10,11,284,2.325
2014,10,12,285,4.8
2014,10,13,286,4.85
2014,10,14,287,4.8
2014,10,15,288,5.375
2014,10,16,289,7.8
2014,10,17,290,3
2014,10,18,291,3.65
2014,10,19,292,4.45
2014,10,20,293,3.75
2014,10,21,294,4
2014,10,22,295,3.275
2014,10,23,296,5.825
2014,10,24,297,7.375
2014,10,25,298,9.9
2014,10,26,299,7.75
2014,10,27,300,8.55
2014,10,28,301,10.825
2014,10,29,302,8.025
2014,10,30,303,4.025
2014,10,31,304,3.8
2014,11,1,305,2.825
2014,11,2,306,6.025
2014,11,3,307,6.45
2014,11,4,308,5.55
2014,11,5,309,3.8
2014,11,6,310,5.225
2014,11,7,311,9.275
2014,11,8,312,5.55
2014,11,9,313,2.725
2014,11,10,314,4.575
2014,11,11,315,5.2
2014,11,12,316,2.85
2014,11,13,317,3.225
2014,11,14,318,3.4
2014,11,15,319,11.675
2014,11,16,320,4.4
2014,11,17,321,4.775
2014,11,18,322,5.45
2014,11,19,323,4.3
2014,11,20,324,5.15
2014,11,21,325,4.8
2014,11,22,326,3.725
2014,11,23,327,11.075
2014,11,24,328,3.95
2014,11,25,329,2.825
2014,11,26,330,3.7
2014,11,27,331,4.225
2014,11,28,332,5.95
2014,11,29,333,4.175
2014,11,30,334,3.975
2014,12,1,335,5.625
2014,12,2,336,11.225
2014,12,3,337,13.775
2014,12,4,338,10.35
2014,12,5,339,10.325
2014,12,6,340,10.85
2014,12,7,341,3.95
2014,12,8,342,7.625
2014,12,9,343,3.975
2014,12,10,344,3.175
2014,12,11,345,6
2014,12,12,346,5
2014,12,13,347,8.375
2014,12,14,348,4.625
2014,12,15,349,4.45
2014,12,16,350,8.65
2014,12,17,351,7.925
2014,12,18,352,5.975
2014,12,19,353,4.575
2014,12,20,354,4.85
2014,12,21,355,4.225
2014,12,22,356,5.475
2014,12,23,357,4.95
2014,12,24,358,6.25
2014,12,25,359,8.4
2014,12,26,360,5.85
2014,12,27,361,4.825
2014,12,28,362,8.25
2014,12,29,363,11.2
2014,12,30,364,10.7
2014,12,31,365,3.975
2015,1,1,1,2.125
2015,1,2,2,5.225
2015,1,3,3,6.35
2015,1,4,4,5.5
2015,1,5,5,1.475
2015,1,6,6,7.3
2015,1,7,7,7.4
2015,1,8,8,5.175
2015,1,9,9,7.675
2015,1,10,10,4.325
2015,1,11,11,6.35
2015,1,12,12,4.95
2015,1,13,13,4.325
2015,1,14,14,8.9
2015,1,15,15,6.175
2015,1,16,16,8.75
2015,1,17,17,5.9
2015,1,18,18,4.175
2015,1,19,19,7.475
2015,1,20,20,7.275
2015,1,21,21,5.3
2015,1,22,22,9.675
2015,1,23,23,7.9
2015,1,24,24,2.9
2015,1,25,25,6.675
2015,1,26,26,11.65
2015,1,27,27,13.225
2015,1,28,28,7.25
2015,1,29,29,7.05
2015,1,30,30,9.375
2015,1,31,31,6.45
2015,2,1,32,8.725
2015,2,2,33,8.575
2015,2,3,34,6.85
2015,2,4,35,10.05
2015,2,5,36,8.95
2015,2,6,37,7.875
2015,2,7,38,7.15
2015,2,8,39,4.425
2015,2,9,40,5.15
2015,2,10,41,2.4
2015,2,11,42,7.45
2015,2,12,43,5.85
2015,2,13,44,4.775
2015,2,14,45,2.45
2015,2,15,46,9.875
2015,2,16,47,7.75
2015,2,17,48,5.325
2015,2,18,49,3.85
2015,2,19,50,6.425
2015,2,20,51,2.45
2015,2,21,52,3.05
2015,2,22,53,3.325
2015,2,23,54,2.1
2015,2,24,55,7.925
2015,2,25,56,9.35
2015,2,26,57,5
2015,2,27,58,3.875
2015,2,28,59,10.825
2015,3,1,60,15.4
2015,3,2,61,15.525
2015,3,3,62,5.625
2015,3,4,63,3.075
2015,3,5,64,3.7
2015,3,6,65,7.075
2015,3,7,66,5.1
2015,3,8,67,0
2015,3,9,68,4.9
2015,3,10,69,6
2015,3,11,70,9.025
2015,3,12,71,7.125
2015,3,13,72,5.475
2015,3,14,73,2.45
2015,3,15,74,12.1
2015,3,16,75,10.675
2015,3,17,76,1.875
2015,3,18,77,5.125
2015,3,19,78,5.925
2015,3,20,79,5.025
2015,3,21,80,3.075
2015,3,22,81,6.825
2015,3,23,82,7.475
2015,3,24,83,2.45
2015,3,25,84,3.95
2015,3,26,85,10.075
2015,3,27,86,6.05
2015,3,28,87,4.425
2015,3,29,88,6.925
2015,3,30,89,12.825
2015,3,31,90,10.025
2015,4,1,91,8.9
2015,4,2,92,7.675
2015,4,3,93,3.575
2015,4,4,94,3.125
2015,4,5,95,8.65
2015,4,6,96,9.075
2015,4,7,97,3.5
2015,4,8,98,0.625
2015,4,9,99,2.85
2015,4,10,100,2.5
2015,4,11,101,2.75
2015,4,12,102,4.4
2015,4,13,103,9.825
2015,4,14,104,4.625
2015,4,15,105,6.375
2015,4,16,106,9.525
2015,4,17,107,8.025
2015,4,18,108,3.2
2015,4,19,109,4.575
2015,4,20,110,2.5
2015,4,21,111,4.275
2015,4,22,112,6.7
2015,4,23,113,7.1
2015,4,24,114,6.925
2015,4,25,115,3
2015,4,26,116,3.325
2015,4,27,117,2.075
2015,4,28,118,2.775
2015,4,29,119,2.525
2015,4,30,120,3
2015,5,1,121,5.775
2015,5,2,122,4.875
2015,5,3,123,4.3
2015,5,4,124,2.35
2015,5,5,125,3.775
2015,5,6,126,3.725
2015,5,7,127,5.925
2015,5,8,128,6.7
2015,5,9,129,7.125
2015,5,10,130,6.625
2015,5,11,131,3.05
2015,5,12,132,5.6
2015,5,13,133,5.85
2015,5,14,134,1.825
2015,5,15,135,2.15
2015,5,16,136,6.3
2015,5,17,137,5.05
2015,5,18,138,2.125
2015,5,19,139,2.25
2015,5,20,140,1.325
2015,5,21,141,2.525
2015,5,22,142,4.05
2015,5,23,143,4.9
2015,5,24,144,2.425
2015,5,25,145,2.45
2015,5,26,146,2.075
2015,5,27,147,2.625
2015,5,28,148,5.05
2015,5,29,149,7.375
2015,5,30,150,3.2
2015,5,31,151,3.925
2015,6,1,152,5.475
2015,6,2,153,5.725
2015,6,3,154,2.125
2015,6,4,155,3
2015,6,5,156,2.775
2015,6,6,157,3.725
2015,6,7,158,6.325
2015,6,8,159,3.7
2015,6,9,160,3.475
2015,6,10,161,3.15
2015,6,11,162,3.975
2015,6,12,163,5.125
2015,6,13,164,8.175
2015,6,14,165,6.925
2015,6,15,166,5.15
2015,6,16,167,6.05
2015,6,17,168,6.425
2015,6,18,169,3.35
2015,6,19,170,5.55
2015,6,20,171,3.85
2015,6,21,172,6.175
2015,6,22,173,5.55
2015,6,23,174,5.575
2015,6,24,175,4.9
2015,6,25,176,2.525
2015,6,26,177,4.575
2015,6,27,178,2.975
2015,6,28,179,5.075
2015,6,29,180,4.375
2015,6,30,181,3.475
2015,7,1,182,6.95
2015,7,2,183,6.275
2015,7,3,184,2.725
2015,7,4,185,4.15
2015,7,5,186,3.625
2015,7,6,187,3.625
2015,7,7,188,6.15
2015,7,8,189,6.975
2015,7,9,190,4.025
2015,7,10,191,2.65
2015,7,11,192,6.475
2015,7,12,193,2.55
2015,7,13,194,3.375
2015,7,14,195,4.275
2015,7,15,196,4.8
2015,7,16,197,6
2015,7,17,198,5.575
2015,7,18,199,6.675
2015,7,19,200,7.2
2015,7,20,201,5.05
2015,7,21,202,5.35
2015,7,22,203,3.725
2015,7,23,204,2.675
2015,7,24,205,3.725
2015,7,25,206,5.55
2015,7,26,207,4.025
2015,7,27,208,2.5
2015,7,28,209,9.3
2015,7,29,210,5.3
2015,7,30,211,3.475
2015,7,31,212,6.225
2015,8,1,213,7.25
2015,8,2,214,7.2
2015,8,3,215,6.4
2015,8,4,216,3.625
2015,8,5,217,1.575
2015,8,6,218,3.75
2015,8,7,219,4.675
2015,8,8,220,3.125
2015,8,9,221,3.125
2015,8,10,222,2.875
2015,8,11,223,2
2015,8,12,224,2.25
2015,8,13,225,3.775
2015,8,14,226,5.125
2015,8,15,227,3.375
2015,8,16,228,2.225
2015,8,17,229,2.75
2015,8,18,230,4.825
2015,8,19,231,6.125
2015,8,20,232,5.975
2015,8,21,233,3.1
2015,8,22,234,2.775
2015,8,23,235,5.6
2015,8,24,236,3.35
2015,8,25,237,2.2
2015,8,26,238,5.125
2015,8,27,239,3.575
2015,8,28,240,3
2015,8,29,241,4.425
2015,8,30,242,8.675
2015,8,31,243,6.825
2015,9,1,244,4
2015,9,2,245,2.85
2015,9,3,246,1.975
2015,9,4,247,3.25
2015,9,5,248,1.675
2015,9,6,249,3.025
2015,9,7,250,6.825
2015,9,8,251,10.3
2015,9,9,252,4.2
2015,9,10,253,3.975
2015,9,11,254,6
2015,9,12,255,4.925
2015,9,13,256,3.575
2015,9,14,257,1.4
2015,9,15,258,5.9
2015,9,16,259,3.325
2015,9,17,260,3.2
2015,9,18,261,2.325
2015,9,19,262,1.6
2015,9,20,263,3.6
2015,9,21,264,3.7
2015,9,22,265,2.5
2015,9,23,266,1.2
2015,9,24,267,1.95
2015,9,25,268,1.25
2015,9,26,269,1.1
2015,9,27,270,1.85
2015,9,28,271,3.35
2015,9,29,272,5.15
2015,9,30,273,9.3
2015,10,1,274,5.975
2015,10,2,275,2.875
2015,10,3,276,3.125
2015,10,4,277,4.225
2015,10,5,278,2.3
2015,10,6,279,2.625
2015,10,7,280,2.475
2015,10,8,281,2.55
2015,10,9,282,2.425
2015,10,10,283,0.8
2015,10,11,284,3.2
2015,10,12,285,1.975
2015,10,13,286,1.625
2015,10,14,287,8.025
2015,10,15,288,4.45
2015,10,16,289,9.35
2015,10,17,290,4.925
2015,10,18,291,2.5
2015,10,19,292,6.025
2015,10,20,293,5.5
2015,10,21,294,8.4
2015,10,22,295,10.25
2015,10,23,296,10.375
2015,10,24,297,4.625
2015,10,25,298,3.975
2015,10,26,299,5.05
2015,10,27,300,3.175
2015,10,28,301,2.55
2015,10,29,302,3.275
2015,10,30,303,8
2015,10,31,304,3.475
2015,11,1,305,4.025
2015,11,2,306,1.275
2015,11,3,307,7.4
2015,11,4,308,2.15
2015,11,5,309,5.575
2015,11,6,310,3.975
2015,11,7,311,4.975
2015,11,8,312,6.05
2015,11,9,313,5.2
2015,11,10,314,10.375
2015,11,11,315,6.875
2015,11,12,316,5.925
2015,11,13,317,7.725
2015,11,14,318,9.825
2015,11,15,319,7.525
2015,11,16,320,3.825
2015,11,17,321,3.325
2015,11,18,322,3.975
2015,11,19,323,4.075
2015,11,20,324,3.925
2015,11,21,325,4.25
2015,11,22,326,7.525
2015,11,23,327,6.3
2015,11,24,328,5.65
2015,11,25,329,8.075
2015,11,26,330,9.825
2015,11,27,331,13.15
2015,11,28,332,11.25
2015,11,29,333,12.575
2015,11,30,334,9.925
2015,12,1,335,5.275
2015,12,2,336,3.2
2015,12,3,337,3.35
2015,12,4,338,2.525
2015,12,5,339,3.875
2015,12,6,340,10.575
2015,12,7,341,5.775
2015,12,8,342,3.95
2015,12,9,343,4.475
2015,12,10,344,7.4
2015,12,11,345,7.15
2015,12,12,346,4.425
2015,12,13,347,4.425
2015,12,14,348,5.275
2015,12,15,349,2.3
2015,12,16,350,5
2015,12,17,351,8.725
2015,12,18,352,16.325
2015,12,19,353,12.2
2015,12,20,354,9.35
2015,12,21,355,3.425
2015,12,22,356,3.525
2015,12,23,357,6.225
2015,12,24,358,1.725
2015,12,25,359,6.825
2015,12,26,360,7.65
2015,12,27,361,5.55
2015,12,28,362,8.45
2015,12,29,363,5.1
2015,12,30,364,4.5
2015,12,31,365,7.225
